index,pt_count,dataset_id,timestamp,displacement,filtered,intensity,casing_thickness
0,100.0,0.0,0.0,15.0,15.0,0.0,4.968
1,100.0,0.0,1.0,15.0,15.0,0.0,4.968
2,100.0,0.0,2.0,15.0,15.0,0.0,4.968
3,100.0,0.0,3.0,15.0,15.0,0.0,4.968
4,100.0,0.0,4.0,15.0,15.0,0.0,4.968
5,100.0,0.0,5.0,15.0,15.0,0.0,4.968
6,100.0,0.0,6.0,15.0,15.0,0.0,4.968
7,100.0,0.0,7.0,15.0,15.0,0.0,4.968
8,100.0,0.0,8.0,15.0,15.0,0.0,4.968
9,100.0,0.0,9.0,15.0,15.0,0.0,4.968
10,100.0,0.0,10.0,15.0,15.0,0.0,4.968
11,100.0,0.0,11.0,15.0,15.0,0.0,4.968
12,100.0,0.0,12.0,15.0,15.0,0.0,4.968
13,100.0,0.0,13.0,15.0,15.0,0.0,4.968
14,100.0,0.0,14.0,15.0,15.0,0.0,4.968
15,100.0,0.0,15.0,15.0,15.0,0.0,4.968
16,100.0,0.0,16.0,15.0,15.0,0.0,4.968
17,100.0,0.0,17.0,15.0,15.0,0.0,4.968
18,100.0,0.0,18.0,15.0,15.0,0.0,4.968
19,100.0,0.0,19.0,15.0,15.0,0.0,4.968
20,100.0,0.0,20.0,15.0,15.0,0.0,4.968
21,100.0,0.0,21.0,15.0,15.0,0.0,4.968
22,100.0,0.0,22.0,15.0,15.0,0.0,4.968
23,100.0,0.0,23.0,15.0,15.0,0.0,4.968
24,100.0,0.0,24.0,15.0,15.0,0.0,4.968
25,100.0,0.0,25.0,15.0,15.0,5.76171875,4.968
26,100.0,0.0,26.0,15.0,15.0,6.0546875,4.968
27,100.0,0.0,27.0,15.0,15.0,6.640625,4.968
28,100.0,0.0,28.0,15.0,15.0,0.0,4.968
29,100.0,0.0,29.0,15.0,15.0,18.1640625,4.968
30,100.0,0.0,30.0,15.0,15.0,0.0,4.968
31,100.0,0.0,31.0,15.0,15.0,6.34765625,4.968
32,100.0,0.0,32.0,15.0,15.0,0.0,4.968
33,100.0,0.0,33.0,15.0,15.0,0.0,4.968
34,100.0,0.0,34.0,15.0,15.0,0.0,4.968
35,100.0,0.0,35.0,15.0,15.0,0.0,4.968
36,100.0,0.0,36.0,15.0,15.0,0.0,4.968
37,100.0,0.0,37.0,15.0,15.0,0.0,4.968
38,100.0,0.0,38.0,15.0,15.0,0.0,4.968
39,100.0,0.0,39.0,6.110761,6.110761,5.37109375,4.968
40,100.0,0.0,40.0,6.110761,6.110761,0.0,4.968
41,100.0,0.0,41.0,6.110761,6.110761,0.0,4.968
42,100.0,0.0,42.0,6.110761,6.110761,0.0,4.968
43,100.0,0.0,43.0,6.110761,6.110761,0.0,4.968
44,100.0,0.0,44.0,6.110761,6.110761,0.0,4.968
45,100.0,0.0,45.0,6.110761,6.110761,0.0,4.968
46,100.0,0.0,46.0,6.110761,6.110761,0.0,4.968
47,100.0,0.0,47.0,6.110761,6.110761,0.0,4.968
48,100.0,0.0,48.0,6.110761,6.110761,0.0,4.968
49,100.0,0.0,49.0,6.110761,6.110761,0.0,4.968
50,100.0,0.0,50.0,15.0,15.0,0.0,4.968
51,100.0,0.0,51.0,15.0,15.0,0.0,4.968
52,100.0,0.0,52.0,15.0,15.0,0.0,4.968
53,100.0,0.0,53.0,15.0,15.0,0.0,4.968
54,100.0,0.0,54.0,15.0,15.0,0.0,4.968
55,100.0,0.0,55.0,15.0,15.0,0.0,4.968
56,100.0,0.0,56.0,15.0,15.0,0.0,4.968
57,100.0,0.0,57.0,15.0,15.0,0.0,4.968
58,100.0,0.0,58.0,15.0,15.0,0.0,4.968
59,100.0,0.0,59.0,15.0,15.0,0.0,4.968
60,100.0,0.0,60.0,15.0,15.0,0.0,4.968
61,100.0,0.0,61.0,15.0,15.0,0.0,4.968
62,100.0,0.0,62.0,15.0,15.0,0.0,4.968
63,100.0,0.0,63.0,15.0,15.0,0.0,4.968
64,100.0,0.0,64.0,15.0,15.0,0.0,4.968
65,100.0,0.0,65.0,15.0,15.0,0.0,4.968
66,100.0,0.0,66.0,15.0,15.0,0.0,4.968
67,100.0,0.0,67.0,15.0,15.0,0.0,4.968
68,100.0,0.0,68.0,15.0,15.0,0.0,4.968
69,100.0,0.0,69.0,15.0,15.0,0.0,4.968
70,100.0,0.0,70.0,15.0,15.0,0.0,4.968
71,100.0,0.0,71.0,15.0,15.0,0.0,4.968
72,100.0,0.0,72.0,15.0,15.0,0.0,4.968
73,100.0,0.0,73.0,15.0,15.0,0.0,4.968
74,100.0,0.0,74.0,15.0,15.0,0.0,4.968
75,100.0,0.0,75.0,15.0,15.0,0.0,4.968
76,100.0,0.0,76.0,15.0,15.0,0.0,4.968
77,100.0,0.0,77.0,15.0,15.0,0.0,4.968
78,100.0,0.0,78.0,15.0,15.0,0.0,4.968
79,100.0,0.0,79.0,15.0,15.0,0.0,4.968
80,100.0,0.0,80.0,15.0,15.0,0.0,4.968
81,100.0,0.0,81.0,15.0,15.0,0.0,4.968
82,100.0,0.0,82.0,15.0,15.0,0.0,4.968
83,100.0,0.0,83.0,15.0,15.0,0.0,4.968
84,100.0,0.0,84.0,15.0,15.0,0.0,4.968
85,100.0,0.0,85.0,15.0,15.0,0.0,4.968
86,100.0,0.0,86.0,15.0,15.0,0.0,4.968
87,100.0,0.0,87.0,15.0,15.0,0.0,4.968
88,100.0,0.0,88.0,15.0,15.0,0.0,4.968
89,100.0,0.0,89.0,15.0,15.0,0.0,4.968
90,100.0,0.0,90.0,15.0,15.0,0.0,4.968
91,100.0,0.0,91.0,15.0,15.0,0.0,4.968
92,100.0,0.0,92.0,15.0,15.0,0.0,4.968
93,100.0,0.0,93.0,15.0,15.0,0.0,4.968
94,100.0,0.0,94.0,15.0,15.0,0.0,4.968
95,100.0,0.0,95.0,15.0,15.0,0.0,4.968
96,100.0,0.0,96.0,15.0,15.0,0.0,4.968
97,100.0,0.0,97.0,15.0,15.0,0.0,4.968
98,100.0,0.0,98.0,15.0,15.0,0.0,4.968
99,100.0,0.0,99.0,15.0,15.0,0.0,4.968
100,100.0,1.0,100.0,15.0,15.0,0.0,4.968
101,100.0,1.0,101.0,15.0,15.0,0.0,4.968
102,100.0,1.0,102.0,15.0,15.0,0.0,4.968
103,100.0,1.0,103.0,15.0,15.0,0.0,4.968
104,100.0,1.0,104.0,15.0,15.0,0.0,4.968
105,100.0,1.0,105.0,15.0,15.0,0.0,4.968
106,100.0,1.0,106.0,15.0,15.0,0.0,4.968
107,100.0,1.0,107.0,15.0,15.0,0.0,4.968
108,100.0,1.0,108.0,15.0,15.0,0.0,4.968
109,100.0,1.0,109.0,15.0,15.0,0.0,4.968
110,100.0,1.0,110.0,15.0,15.0,0.0,4.968
111,100.0,1.0,111.0,15.0,15.0,0.0,4.968
112,100.0,1.0,112.0,15.0,15.0,0.0,4.968
113,100.0,1.0,113.0,15.0,15.0,0.0,4.968
114,100.0,1.0,114.0,15.0,15.0,0.0,4.968
115,100.0,1.0,115.0,15.0,15.0,0.0,4.968
116,100.0,1.0,116.0,15.0,15.0,0.0,4.968
117,100.0,1.0,117.0,15.0,15.0,0.0,4.968
118,100.0,1.0,118.0,15.0,15.0,0.0,4.968
119,100.0,1.0,119.0,15.0,15.0,0.0,4.968
120,100.0,1.0,120.0,15.0,15.0,0.0,4.968
121,100.0,1.0,121.0,15.0,15.0,0.0,4.968
122,100.0,1.0,122.0,15.0,15.0,0.0,4.968
123,100.0,1.0,123.0,15.0,15.0,0.0,4.968
124,100.0,1.0,124.0,15.0,15.0,0.0,4.968
125,100.0,1.0,125.0,15.0,15.0,0.0,4.968
126,100.0,1.0,126.0,15.0,15.0,0.0,4.968
127,100.0,1.0,127.0,15.0,15.0,0.0,4.968
128,100.0,1.0,128.0,15.0,15.0,0.0,4.968
129,100.0,1.0,129.0,15.0,15.0,0.0,4.968
130,100.0,1.0,130.0,15.0,15.0,0.0,4.968
131,100.0,1.0,131.0,15.0,15.0,0.0,4.968
132,100.0,1.0,132.0,15.0,15.0,0.0,4.968
133,100.0,1.0,133.0,15.0,15.0,0.0,4.968
134,100.0,1.0,134.0,15.0,15.0,0.0,4.968
135,100.0,1.0,135.0,15.0,15.0,0.0,4.968
136,100.0,1.0,136.0,15.0,15.0,0.0,4.968
137,100.0,1.0,137.0,15.0,15.0,0.0,4.968
138,100.0,1.0,138.0,15.0,15.0,0.0,4.968
139,100.0,1.0,139.0,15.0,15.0,0.0,4.968
140,100.0,1.0,140.0,15.0,15.0,0.0,4.968
141,100.0,1.0,141.0,15.0,15.0,0.0,4.968
142,100.0,1.0,142.0,15.0,15.0,0.0,4.968
143,100.0,1.0,143.0,15.0,15.0,0.0,4.968
144,100.0,1.0,144.0,15.0,15.0,0.0,4.968
145,100.0,1.0,145.0,15.0,15.0,0.0,4.968
146,100.0,1.0,146.0,15.0,15.0,0.0,4.968
147,100.0,1.0,147.0,15.0,15.0,0.0,4.968
148,100.0,1.0,148.0,15.0,15.0,0.0,4.968
149,100.0,1.0,149.0,15.0,15.0,0.0,4.968
150,100.0,1.0,150.0,15.0,15.0,0.0,4.968
151,100.0,1.0,151.0,15.0,15.0,0.0,4.968
152,100.0,1.0,152.0,15.0,15.0,0.0,4.968
153,100.0,1.0,153.0,15.0,15.0,0.0,4.968
154,100.0,1.0,154.0,15.0,15.0,0.0,4.968
155,100.0,1.0,155.0,15.0,15.0,0.0,4.968
156,100.0,1.0,156.0,15.0,15.0,0.0,4.968
157,100.0,1.0,157.0,15.0,15.0,0.0,4.968
158,100.0,1.0,158.0,15.0,15.0,0.0,4.968
159,100.0,1.0,159.0,15.0,15.0,0.0,4.968
160,100.0,1.0,160.0,15.0,15.0,0.0,4.968
161,100.0,1.0,161.0,15.0,15.0,0.0,4.968
162,100.0,1.0,162.0,15.0,15.0,0.0,4.968
163,100.0,1.0,163.0,15.0,15.0,0.0,4.968
164,100.0,1.0,164.0,15.0,15.0,0.0,4.968
165,100.0,1.0,165.0,15.0,15.0,0.0,4.968
166,100.0,1.0,166.0,15.0,15.0,0.0,4.968
167,100.0,1.0,167.0,15.0,15.0,0.0,4.968
168,100.0,1.0,168.0,15.0,15.0,0.0,4.968
169,100.0,1.0,169.0,15.0,15.0,0.0,4.968
170,100.0,1.0,170.0,15.0,15.0,0.0,4.968
171,100.0,1.0,171.0,15.0,15.0,5.37109375,4.968
172,100.0,1.0,172.0,15.0,15.0,0.0,4.968
173,100.0,1.0,173.0,15.0,15.0,0.0,4.968
174,100.0,1.0,174.0,15.0,15.0,0.0,4.968
175,100.0,1.0,175.0,15.0,15.0,0.0,4.968
176,100.0,1.0,176.0,15.0,15.0,0.0,4.968
177,100.0,1.0,177.0,15.0,15.0,0.0,4.968
178,100.0,1.0,178.0,15.0,15.0,0.0,4.968
179,100.0,1.0,179.0,15.0,15.0,0.0,4.968
180,100.0,1.0,180.0,15.0,15.0,0.0,4.968
181,100.0,1.0,181.0,15.0,15.0,0.0,4.968
182,100.0,1.0,182.0,6.116514,6.116514,6.0546875,4.968
183,100.0,1.0,183.0,6.116514,6.116514,0.0,4.968
184,100.0,1.0,184.0,6.116514,6.116514,0.0,4.968
185,100.0,1.0,185.0,6.116514,6.116514,0.0,4.968
186,100.0,1.0,186.0,6.116514,6.116514,0.0,4.968
187,100.0,1.0,187.0,6.116514,6.116514,0.0,4.968
188,100.0,1.0,188.0,6.116514,6.116514,0.0,4.968
189,100.0,1.0,189.0,6.116514,6.116514,0.0,4.968
190,100.0,1.0,190.0,6.116514,6.116514,0.0,4.968
191,100.0,1.0,191.0,6.116514,6.116514,0.0,4.968
192,100.0,1.0,192.0,6.116514,6.116514,0.0,4.968
193,100.0,1.0,193.0,15.0,15.0,0.0,4.968
194,100.0,1.0,194.0,15.0,15.0,0.0,4.968
195,100.0,1.0,195.0,15.0,15.0,0.0,4.968
196,100.0,1.0,196.0,15.0,15.0,0.0,4.968
197,100.0,1.0,197.0,15.0,15.0,0.0,4.968
198,100.0,1.0,198.0,15.0,15.0,0.0,4.968
199,100.0,1.0,199.0,15.0,15.0,0.0,4.968
200,100.0,2.0,200.0,15.0,15.0,0.0,4.968
201,100.0,2.0,201.0,15.0,15.0,0.0,4.968
202,100.0,2.0,202.0,15.0,15.0,0.0,4.968
203,100.0,2.0,203.0,15.0,15.0,0.0,4.968
204,100.0,2.0,204.0,15.0,15.0,0.0,4.968
205,100.0,2.0,205.0,15.0,15.0,0.0,4.968
206,100.0,2.0,206.0,15.0,15.0,0.0,4.968
207,100.0,2.0,207.0,15.0,15.0,0.0,4.968
208,100.0,2.0,208.0,15.0,15.0,0.0,4.968
209,100.0,2.0,209.0,15.0,15.0,0.0,4.968
210,100.0,2.0,210.0,15.0,15.0,0.0,4.968
211,100.0,2.0,211.0,15.0,15.0,0.0,4.968
212,100.0,2.0,212.0,15.0,15.0,0.0,4.968
213,100.0,2.0,213.0,15.0,15.0,0.0,4.968
214,100.0,2.0,214.0,15.0,15.0,0.0,4.968
215,100.0,2.0,215.0,15.0,15.0,0.0,4.968
216,100.0,2.0,216.0,15.0,15.0,0.0,4.968
217,100.0,2.0,217.0,15.0,15.0,0.0,4.968
218,100.0,2.0,218.0,15.0,15.0,0.0,4.968
219,100.0,2.0,219.0,15.0,15.0,0.0,4.968
220,100.0,2.0,220.0,15.0,15.0,0.0,4.968
221,100.0,2.0,221.0,15.0,15.0,0.0,4.968
222,100.0,2.0,222.0,15.0,15.0,0.0,4.968
223,100.0,2.0,223.0,15.0,15.0,0.0,4.968
224,100.0,2.0,224.0,15.0,15.0,0.0,4.968
225,100.0,2.0,225.0,15.0,15.0,0.0,4.968
226,100.0,2.0,226.0,15.0,15.0,0.0,4.968
227,100.0,2.0,227.0,15.0,15.0,0.0,4.968
228,100.0,2.0,228.0,15.0,15.0,0.0,4.968
229,100.0,2.0,229.0,15.0,15.0,0.0,4.968
230,100.0,2.0,230.0,15.0,15.0,0.0,4.968
231,100.0,2.0,231.0,15.0,15.0,0.0,4.968
232,100.0,2.0,232.0,15.0,15.0,0.0,4.968
233,100.0,2.0,233.0,15.0,15.0,0.0,4.968
234,100.0,2.0,234.0,15.0,15.0,0.0,4.968
235,100.0,2.0,235.0,15.0,15.0,0.0,4.968
236,100.0,2.0,236.0,15.0,15.0,0.0,4.968
237,100.0,2.0,237.0,15.0,15.0,0.0,4.968
238,100.0,2.0,238.0,15.0,15.0,0.0,4.968
239,100.0,2.0,239.0,15.0,15.0,0.0,4.968
240,100.0,2.0,240.0,15.0,15.0,0.0,4.968
241,100.0,2.0,241.0,15.0,15.0,0.0,4.968
242,100.0,2.0,242.0,15.0,15.0,0.0,4.968
243,100.0,2.0,243.0,15.0,15.0,0.0,4.968
244,100.0,2.0,244.0,15.0,15.0,0.0,4.968
245,100.0,2.0,245.0,15.0,15.0,0.0,4.968
246,100.0,2.0,246.0,15.0,15.0,0.0,4.968
247,100.0,2.0,247.0,15.0,15.0,0.0,4.968
248,100.0,2.0,248.0,15.0,15.0,0.0,4.968
249,100.0,2.0,249.0,15.0,15.0,0.0,4.968
250,100.0,2.0,250.0,15.0,15.0,0.0,4.968
251,100.0,2.0,251.0,15.0,15.0,0.0,4.968
252,100.0,2.0,252.0,15.0,15.0,0.0,4.968
253,100.0,2.0,253.0,15.0,15.0,0.0,4.968
254,100.0,2.0,254.0,15.0,15.0,0.0,4.968
255,100.0,2.0,255.0,15.0,15.0,0.0,4.968
256,100.0,2.0,256.0,15.0,15.0,0.0,4.968
257,100.0,2.0,257.0,15.0,15.0,0.0,4.968
258,100.0,2.0,258.0,15.0,15.0,0.0,4.968
259,100.0,2.0,259.0,15.0,15.0,0.0,4.968
260,100.0,2.0,260.0,15.0,15.0,0.0,4.968
261,100.0,2.0,261.0,15.0,15.0,0.0,4.968
262,100.0,2.0,262.0,15.0,15.0,0.0,4.968
263,100.0,2.0,263.0,15.0,15.0,0.0,4.968
264,100.0,2.0,264.0,15.0,15.0,0.0,4.968
265,100.0,2.0,265.0,15.0,15.0,0.0,4.968
266,100.0,2.0,266.0,15.0,15.0,0.0,4.968
267,100.0,2.0,267.0,15.0,15.0,0.0,4.968
268,100.0,2.0,268.0,15.0,15.0,0.0,4.968
269,100.0,2.0,269.0,15.0,15.0,0.0,4.968
270,100.0,2.0,270.0,15.0,15.0,0.0,4.968
271,100.0,2.0,271.0,15.0,15.0,0.0,4.968
272,100.0,2.0,272.0,15.0,15.0,0.0,4.968
273,100.0,2.0,273.0,15.0,15.0,0.0,4.968
274,100.0,2.0,274.0,15.0,15.0,0.0,4.968
275,100.0,2.0,275.0,15.0,15.0,0.0,4.968
276,100.0,2.0,276.0,15.0,15.0,0.0,4.968
277,100.0,2.0,277.0,15.0,15.0,0.0,4.968
278,100.0,2.0,278.0,15.0,15.0,0.0,4.968
279,100.0,2.0,279.0,15.0,15.0,0.0,4.968
280,100.0,2.0,280.0,15.0,15.0,0.0,4.968
281,100.0,2.0,281.0,15.0,15.0,0.0,4.968
282,100.0,2.0,282.0,15.0,15.0,0.0,4.968
283,100.0,2.0,283.0,15.0,15.0,0.0,4.968
284,100.0,2.0,284.0,15.0,15.0,0.0,4.968
285,100.0,2.0,285.0,15.0,15.0,0.0,4.968
286,100.0,2.0,286.0,15.0,15.0,0.0,4.968
287,100.0,2.0,287.0,15.0,15.0,0.0,4.968
288,100.0,2.0,288.0,15.0,15.0,0.0,4.968
289,100.0,2.0,289.0,15.0,15.0,0.0,4.968
290,100.0,2.0,290.0,15.0,15.0,0.0,4.968
291,100.0,2.0,291.0,15.0,15.0,0.0,4.968
292,100.0,2.0,292.0,15.0,15.0,0.0,4.968
293,100.0,2.0,293.0,15.0,15.0,0.0,4.968
294,100.0,2.0,294.0,15.0,15.0,0.0,4.968
295,100.0,2.0,295.0,15.0,15.0,0.0,4.968
296,100.0,2.0,296.0,15.0,15.0,0.0,4.968
297,100.0,2.0,297.0,15.0,15.0,0.0,4.968
298,100.0,2.0,298.0,15.0,15.0,0.0,4.968
299,100.0,2.0,299.0,15.0,15.0,0.0,4.968
300,100.0,3.0,300.0,15.0,15.0,0.0,4.968
301,100.0,3.0,301.0,15.0,15.0,0.0,4.968
302,100.0,3.0,302.0,15.0,15.0,0.0,4.968
303,100.0,3.0,303.0,15.0,15.0,0.0,4.968
304,100.0,3.0,304.0,15.0,15.0,0.0,4.968
305,100.0,3.0,305.0,15.0,15.0,0.0,4.968
306,100.0,3.0,306.0,15.0,15.0,0.0,4.968
307,100.0,3.0,307.0,15.0,15.0,0.0,4.968
308,100.0,3.0,308.0,15.0,15.0,0.0,4.968
309,100.0,3.0,309.0,15.0,15.0,0.0,4.968
310,100.0,3.0,310.0,15.0,15.0,0.0,4.968
311,100.0,3.0,311.0,15.0,15.0,0.0,4.968
312,100.0,3.0,312.0,15.0,15.0,0.0,4.968
313,100.0,3.0,313.0,15.0,15.0,0.0,4.968
314,100.0,3.0,314.0,15.0,15.0,0.0,4.968
315,100.0,3.0,315.0,15.0,15.0,0.0,4.968
316,100.0,3.0,316.0,15.0,15.0,0.0,4.968
317,100.0,3.0,317.0,15.0,15.0,0.0,4.968
318,100.0,3.0,318.0,15.0,15.0,0.0,4.968
319,100.0,3.0,319.0,15.0,15.0,0.0,4.968
320,100.0,3.0,320.0,15.0,15.0,0.0,4.968
321,100.0,3.0,321.0,15.0,15.0,0.0,4.968
322,100.0,3.0,322.0,15.0,15.0,0.0,4.968
323,100.0,3.0,323.0,15.0,15.0,0.0,4.968
324,100.0,3.0,324.0,15.0,15.0,0.0,4.968
325,100.0,3.0,325.0,15.0,15.0,0.0,4.968
326,100.0,3.0,326.0,15.0,15.0,0.0,4.968
327,100.0,3.0,327.0,15.0,15.0,0.0,4.968
328,100.0,3.0,328.0,15.0,15.0,0.0,4.968
329,100.0,3.0,329.0,15.0,15.0,0.0,4.968
330,100.0,3.0,330.0,15.0,15.0,0.0,4.968
331,100.0,3.0,331.0,15.0,15.0,0.0,4.968
332,100.0,3.0,332.0,15.0,15.0,0.0,4.968
333,100.0,3.0,333.0,15.0,15.0,0.0,4.968
334,100.0,3.0,334.0,15.0,15.0,0.0,4.968
335,100.0,3.0,335.0,15.0,15.0,0.0,4.968
336,100.0,3.0,336.0,15.0,15.0,0.0,4.968
337,100.0,3.0,337.0,15.0,15.0,0.0,4.968
338,100.0,3.0,338.0,15.0,15.0,0.0,4.968
339,100.0,3.0,339.0,15.0,15.0,0.0,4.968
340,100.0,3.0,340.0,15.0,15.0,0.0,4.968
341,100.0,3.0,341.0,15.0,15.0,0.0,4.968
342,100.0,3.0,342.0,15.0,15.0,0.0,4.968
343,100.0,3.0,343.0,15.0,15.0,0.0,4.968
344,100.0,3.0,344.0,15.0,15.0,0.0,4.968
345,100.0,3.0,345.0,15.0,15.0,0.0,4.968
346,100.0,3.0,346.0,15.0,15.0,0.0,4.968
347,100.0,3.0,347.0,15.0,15.0,0.0,4.968
348,100.0,3.0,348.0,15.0,15.0,0.0,4.968
349,100.0,3.0,349.0,15.0,15.0,0.0,4.968
350,100.0,3.0,350.0,15.0,15.0,0.0,4.968
351,100.0,3.0,351.0,15.0,15.0,0.0,4.968
352,100.0,3.0,352.0,15.0,15.0,0.0,4.968
353,100.0,3.0,353.0,15.0,15.0,0.0,4.968
354,100.0,3.0,354.0,15.0,15.0,0.0,4.968
355,100.0,3.0,355.0,15.0,15.0,0.0,4.968
356,100.0,3.0,356.0,15.0,15.0,0.0,4.968
357,100.0,3.0,357.0,15.0,15.0,0.0,4.968
358,100.0,3.0,358.0,15.0,15.0,0.0,4.968
359,100.0,3.0,359.0,15.0,15.0,0.0,4.968
360,100.0,3.0,360.0,15.0,15.0,0.0,4.968
361,100.0,3.0,361.0,15.0,15.0,0.0,4.968
362,100.0,3.0,362.0,15.0,15.0,0.0,4.968
363,100.0,3.0,363.0,15.0,15.0,0.0,4.968
364,100.0,3.0,364.0,15.0,15.0,0.0,4.968
365,100.0,3.0,365.0,15.0,15.0,0.0,4.968
366,100.0,3.0,366.0,15.0,15.0,0.0,4.968
367,100.0,3.0,367.0,15.0,15.0,0.0,4.968
368,100.0,3.0,368.0,15.0,15.0,0.0,4.968
369,100.0,3.0,369.0,15.0,15.0,0.0,4.968
370,100.0,3.0,370.0,15.0,15.0,0.0,4.968
371,100.0,3.0,371.0,15.0,15.0,0.0,4.968
372,100.0,3.0,372.0,15.0,15.0,0.0,4.968
373,100.0,3.0,373.0,15.0,15.0,0.0,4.968
374,100.0,3.0,374.0,15.0,15.0,0.0,4.968
375,100.0,3.0,375.0,15.0,15.0,0.0,4.968
376,100.0,3.0,376.0,15.0,15.0,0.0,4.968
377,100.0,3.0,377.0,15.0,15.0,0.0,4.968
378,100.0,3.0,378.0,15.0,15.0,0.0,4.968
379,100.0,3.0,379.0,15.0,15.0,0.0,4.968
380,100.0,3.0,380.0,15.0,15.0,0.0,4.968
381,100.0,3.0,381.0,15.0,15.0,0.0,4.968
382,100.0,3.0,382.0,15.0,15.0,0.0,4.968
383,100.0,3.0,383.0,15.0,15.0,0.0,4.968
384,100.0,3.0,384.0,15.0,15.0,0.0,4.968
385,100.0,3.0,385.0,15.0,15.0,0.0,4.968
386,100.0,3.0,386.0,15.0,15.0,0.0,4.968
387,100.0,3.0,387.0,15.0,15.0,0.0,4.968
388,100.0,3.0,388.0,15.0,15.0,0.0,4.968
389,100.0,3.0,389.0,15.0,15.0,0.0,4.968
390,100.0,3.0,390.0,15.0,15.0,0.0,4.968
391,100.0,3.0,391.0,15.0,15.0,0.0,4.968
392,100.0,3.0,392.0,15.0,15.0,0.0,4.968
393,100.0,3.0,393.0,15.0,15.0,0.0,4.968
394,100.0,3.0,394.0,15.0,15.0,0.0,4.968
395,100.0,3.0,395.0,15.0,15.0,0.0,4.968
396,100.0,3.0,396.0,15.0,15.0,0.0,4.968
397,100.0,3.0,397.0,15.0,15.0,0.0,4.968
398,100.0,3.0,398.0,15.0,15.0,0.0,4.968
399,100.0,3.0,399.0,15.0,15.0,0.0,4.968
400,100.0,4.0,400.0,15.0,15.0,0.0,4.968
401,100.0,4.0,401.0,15.0,15.0,0.0,4.968
402,100.0,4.0,402.0,15.0,15.0,0.0,4.968
403,100.0,4.0,403.0,15.0,15.0,0.0,4.968
404,100.0,4.0,404.0,15.0,15.0,0.0,4.968
405,100.0,4.0,405.0,15.0,15.0,0.0,4.968
406,100.0,4.0,406.0,15.0,15.0,0.0,4.968
407,100.0,4.0,407.0,15.0,15.0,0.0,4.968
408,100.0,4.0,408.0,15.0,15.0,0.0,4.968
409,100.0,4.0,409.0,15.0,15.0,0.0,4.968
410,100.0,4.0,410.0,15.0,15.0,0.0,4.968
411,100.0,4.0,411.0,15.0,15.0,0.0,4.968
412,100.0,4.0,412.0,15.0,15.0,0.0,4.968
413,100.0,4.0,413.0,15.0,15.0,0.0,4.968
414,100.0,4.0,414.0,15.0,15.0,0.0,4.968
415,100.0,4.0,415.0,15.0,15.0,0.0,4.968
416,100.0,4.0,416.0,15.0,15.0,0.0,4.968
417,100.0,4.0,417.0,15.0,15.0,0.0,4.968
418,100.0,4.0,418.0,15.0,15.0,0.0,4.968
419,100.0,4.0,419.0,15.0,15.0,0.0,4.968
420,100.0,4.0,420.0,15.0,15.0,0.0,4.968
421,100.0,4.0,421.0,15.0,15.0,0.0,4.968
422,100.0,4.0,422.0,15.0,15.0,0.0,4.968
423,100.0,4.0,423.0,15.0,15.0,0.0,4.968
424,100.0,4.0,424.0,15.0,15.0,0.0,4.968
425,100.0,4.0,425.0,15.0,15.0,0.0,4.968
426,100.0,4.0,426.0,15.0,15.0,0.0,4.968
427,100.0,4.0,427.0,15.0,15.0,0.0,4.968
428,100.0,4.0,428.0,15.0,15.0,0.0,4.968
429,100.0,4.0,429.0,15.0,15.0,0.0,4.968
430,100.0,4.0,430.0,15.0,15.0,0.0,4.968
431,100.0,4.0,431.0,15.0,15.0,0.0,4.968
432,100.0,4.0,432.0,15.0,15.0,0.0,4.968
433,100.0,4.0,433.0,15.0,15.0,0.0,4.968
434,100.0,4.0,434.0,15.0,15.0,0.0,4.968
435,100.0,4.0,435.0,15.0,15.0,0.0,4.968
436,100.0,4.0,436.0,15.0,15.0,0.0,4.968
437,100.0,4.0,437.0,15.0,15.0,0.0,4.968
438,100.0,4.0,438.0,15.0,15.0,0.0,4.968
439,100.0,4.0,439.0,15.0,15.0,0.0,4.968
440,100.0,4.0,440.0,15.0,15.0,0.0,4.968
441,100.0,4.0,441.0,15.0,15.0,0.0,4.968
442,100.0,4.0,442.0,15.0,15.0,0.0,4.968
443,100.0,4.0,443.0,15.0,15.0,0.0,4.968
444,100.0,4.0,444.0,15.0,15.0,0.0,4.968
445,100.0,4.0,445.0,15.0,15.0,0.0,4.968
446,100.0,4.0,446.0,15.0,15.0,0.0,4.968
447,100.0,4.0,447.0,15.0,15.0,0.0,4.968
448,100.0,4.0,448.0,15.0,15.0,0.0,4.968
449,100.0,4.0,449.0,15.0,15.0,0.0,4.968
450,100.0,4.0,450.0,15.0,15.0,0.0,4.968
451,100.0,4.0,451.0,15.0,15.0,0.0,4.968
452,100.0,4.0,452.0,15.0,15.0,0.0,4.968
453,100.0,4.0,453.0,15.0,15.0,0.0,4.968
454,100.0,4.0,454.0,15.0,15.0,0.0,4.968
455,100.0,4.0,455.0,15.0,15.0,0.0,4.968
456,100.0,4.0,456.0,15.0,15.0,0.0,4.968
457,100.0,4.0,457.0,15.0,15.0,0.0,4.968
458,100.0,4.0,458.0,15.0,15.0,0.0,4.968
459,100.0,4.0,459.0,15.0,15.0,0.0,4.968
460,100.0,4.0,460.0,15.0,15.0,0.0,4.968
461,100.0,4.0,461.0,15.0,15.0,0.0,4.968
462,100.0,4.0,462.0,15.0,15.0,0.0,4.968
463,100.0,4.0,463.0,15.0,15.0,0.0,4.968
464,100.0,4.0,464.0,15.0,15.0,0.0,4.968
465,100.0,4.0,465.0,15.0,15.0,0.0,4.968
466,100.0,4.0,466.0,15.0,15.0,0.0,4.968
467,100.0,4.0,467.0,15.0,15.0,0.0,4.968
468,100.0,4.0,468.0,15.0,15.0,0.0,4.968
469,100.0,4.0,469.0,15.0,15.0,0.0,4.968
470,100.0,4.0,470.0,6.122376,6.122376,5.6640625,4.968
471,100.0,4.0,471.0,6.122376,6.122376,0.0,4.968
472,100.0,4.0,472.0,6.122376,6.122376,0.0,4.968
473,100.0,4.0,473.0,6.122376,6.122376,0.0,4.968
474,100.0,4.0,474.0,6.122376,6.122376,0.0,4.968
475,100.0,4.0,475.0,6.122376,6.122376,0.0,4.968
476,100.0,4.0,476.0,6.122376,6.122376,0.0,4.968
477,100.0,4.0,477.0,6.122376,6.122376,0.0,4.968
478,100.0,4.0,478.0,6.122376,6.122376,0.0,4.968
479,100.0,4.0,479.0,6.122376,6.122376,0.0,4.968
480,100.0,4.0,480.0,6.122376,6.122376,0.0,4.968
481,100.0,4.0,481.0,15.0,15.0,0.0,4.968
482,100.0,4.0,482.0,15.0,15.0,0.0,4.968
483,100.0,4.0,483.0,15.0,15.0,0.0,4.968
484,100.0,4.0,484.0,15.0,15.0,0.0,4.968
485,100.0,4.0,485.0,15.0,15.0,0.0,4.968
486,100.0,4.0,486.0,15.0,15.0,0.0,4.968
487,100.0,4.0,487.0,15.0,15.0,0.0,4.968
488,100.0,4.0,488.0,15.0,15.0,0.0,4.968
489,100.0,4.0,489.0,15.0,15.0,0.0,4.968
490,100.0,4.0,490.0,15.0,15.0,0.0,4.968
491,100.0,4.0,491.0,15.0,15.0,0.0,4.968
492,100.0,4.0,492.0,15.0,15.0,0.0,4.968
493,100.0,4.0,493.0,15.0,15.0,0.0,4.968
494,100.0,4.0,494.0,15.0,15.0,0.0,4.968
495,100.0,4.0,495.0,15.0,15.0,0.0,4.968
496,100.0,4.0,496.0,15.0,15.0,0.0,4.968
497,100.0,4.0,497.0,15.0,15.0,0.0,4.968
498,100.0,4.0,498.0,15.0,15.0,0.0,4.968
499,100.0,4.0,499.0,15.0,15.0,0.0,4.968
500,100.0,5.0,500.0,15.0,15.0,0.0,4.968
501,100.0,5.0,501.0,15.0,15.0,0.0,4.968
502,100.0,5.0,502.0,15.0,15.0,0.0,4.968
503,100.0,5.0,503.0,15.0,15.0,0.0,4.968
504,100.0,5.0,504.0,15.0,15.0,0.0,4.968
505,100.0,5.0,505.0,15.0,15.0,0.0,4.968
506,100.0,5.0,506.0,15.0,15.0,0.0,4.968
507,100.0,5.0,507.0,15.0,15.0,0.0,4.968
508,100.0,5.0,508.0,15.0,15.0,0.0,4.968
509,100.0,5.0,509.0,15.0,15.0,0.0,4.968
510,100.0,5.0,510.0,15.0,15.0,0.0,4.968
511,100.0,5.0,511.0,15.0,15.0,0.0,4.968
512,100.0,5.0,512.0,15.0,15.0,0.0,4.968
513,100.0,5.0,513.0,15.0,15.0,0.0,4.968
514,100.0,5.0,514.0,15.0,15.0,0.0,4.968
515,100.0,5.0,515.0,15.0,15.0,0.0,4.968
516,100.0,5.0,516.0,15.0,15.0,0.0,4.968
517,100.0,5.0,517.0,15.0,15.0,0.0,4.968
518,100.0,5.0,518.0,15.0,15.0,0.0,4.968
519,100.0,5.0,519.0,15.0,15.0,0.0,4.968
520,100.0,5.0,520.0,15.0,15.0,0.0,4.968
521,100.0,5.0,521.0,15.0,15.0,0.0,4.968
522,100.0,5.0,522.0,15.0,15.0,0.0,4.968
523,100.0,5.0,523.0,15.0,15.0,0.0,4.968
524,100.0,5.0,524.0,15.0,15.0,0.0,4.968
525,100.0,5.0,525.0,15.0,15.0,0.0,4.968
526,100.0,5.0,526.0,15.0,15.0,0.0,4.968
527,100.0,5.0,527.0,15.0,15.0,0.0,4.968
528,100.0,5.0,528.0,15.0,15.0,0.0,4.968
529,100.0,5.0,529.0,15.0,15.0,0.0,4.968
530,100.0,5.0,530.0,15.0,15.0,0.0,4.968
531,100.0,5.0,531.0,15.0,15.0,0.0,4.968
532,100.0,5.0,532.0,15.0,15.0,0.0,4.968
533,100.0,5.0,533.0,15.0,15.0,0.0,4.968
534,100.0,5.0,534.0,15.0,15.0,0.0,4.968
535,100.0,5.0,535.0,15.0,15.0,0.0,4.968
536,100.0,5.0,536.0,15.0,15.0,0.0,4.968
537,100.0,5.0,537.0,15.0,15.0,0.0,4.968
538,100.0,5.0,538.0,15.0,15.0,0.0,4.968
539,100.0,5.0,539.0,15.0,15.0,0.0,4.968
540,100.0,5.0,540.0,15.0,15.0,0.0,4.968
541,100.0,5.0,541.0,15.0,15.0,0.0,4.968
542,100.0,5.0,542.0,15.0,15.0,0.0,4.968
543,100.0,5.0,543.0,15.0,15.0,0.0,4.968
544,100.0,5.0,544.0,15.0,15.0,0.0,4.968
545,100.0,5.0,545.0,15.0,15.0,0.0,4.968
546,100.0,5.0,546.0,15.0,15.0,0.0,4.968
547,100.0,5.0,547.0,15.0,15.0,0.0,4.968
548,100.0,5.0,548.0,15.0,15.0,0.0,4.968
549,100.0,5.0,549.0,15.0,15.0,0.0,4.968
550,100.0,5.0,550.0,15.0,15.0,0.0,4.968
551,100.0,5.0,551.0,15.0,15.0,0.0,4.968
552,100.0,5.0,552.0,15.0,15.0,0.0,4.968
553,100.0,5.0,553.0,15.0,15.0,0.0,4.968
554,100.0,5.0,554.0,15.0,15.0,0.0,4.968
555,100.0,5.0,555.0,15.0,15.0,0.0,4.968
556,100.0,5.0,556.0,15.0,15.0,0.0,4.968
557,100.0,5.0,557.0,15.0,15.0,0.0,4.968
558,100.0,5.0,558.0,15.0,15.0,0.0,4.968
559,100.0,5.0,559.0,15.0,15.0,0.0,4.968
560,100.0,5.0,560.0,15.0,15.0,0.0,4.968
561,100.0,5.0,561.0,15.0,15.0,0.0,4.968
562,100.0,5.0,562.0,15.0,15.0,0.0,4.968
563,100.0,5.0,563.0,15.0,15.0,0.0,4.968
564,100.0,5.0,564.0,15.0,15.0,0.0,4.968
565,100.0,5.0,565.0,15.0,15.0,0.0,4.968
566,100.0,5.0,566.0,15.0,15.0,0.0,4.968
567,100.0,5.0,567.0,15.0,15.0,0.0,4.968
568,100.0,5.0,568.0,15.0,15.0,0.0,4.968
569,100.0,5.0,569.0,15.0,15.0,0.0,4.968
570,100.0,5.0,570.0,15.0,15.0,0.0,4.968
571,100.0,5.0,571.0,15.0,15.0,0.0,4.968
572,100.0,5.0,572.0,15.0,15.0,0.0,4.968
573,100.0,5.0,573.0,15.0,15.0,0.0,4.968
574,100.0,5.0,574.0,15.0,15.0,0.0,4.968
575,100.0,5.0,575.0,15.0,15.0,0.0,4.968
576,100.0,5.0,576.0,15.0,15.0,0.0,4.968
577,100.0,5.0,577.0,15.0,15.0,0.0,4.968
578,100.0,5.0,578.0,15.0,15.0,0.0,4.968
579,100.0,5.0,579.0,15.0,15.0,0.0,4.968
580,100.0,5.0,580.0,15.0,15.0,0.0,4.968
581,100.0,5.0,581.0,15.0,15.0,0.0,4.968
582,100.0,5.0,582.0,15.0,15.0,0.0,4.968
583,100.0,5.0,583.0,15.0,15.0,0.0,4.968
584,100.0,5.0,584.0,15.0,15.0,0.0,4.968
585,100.0,5.0,585.0,15.0,15.0,0.0,4.968
586,100.0,5.0,586.0,15.0,15.0,0.0,4.968
587,100.0,5.0,587.0,15.0,15.0,0.0,4.968
588,100.0,5.0,588.0,15.0,15.0,0.0,4.968
589,100.0,5.0,589.0,15.0,15.0,0.0,4.968
590,100.0,5.0,590.0,15.0,15.0,0.0,4.968
591,100.0,5.0,591.0,15.0,15.0,0.0,4.968
592,100.0,5.0,592.0,15.0,15.0,0.0,4.968
593,100.0,5.0,593.0,15.0,15.0,0.0,4.968
594,100.0,5.0,594.0,15.0,15.0,0.0,4.968
595,100.0,5.0,595.0,15.0,15.0,0.0,4.968
596,100.0,5.0,596.0,15.0,15.0,0.0,4.968
597,100.0,5.0,597.0,15.0,15.0,0.0,4.968
598,100.0,5.0,598.0,15.0,15.0,0.0,4.968
599,100.0,5.0,599.0,15.0,15.0,0.0,4.968
600,100.0,6.0,600.0,15.0,15.0,0.0,4.968
601,100.0,6.0,601.0,15.0,15.0,0.0,4.968
602,100.0,6.0,602.0,15.0,15.0,0.0,4.968
603,100.0,6.0,603.0,15.0,15.0,0.0,4.968
604,100.0,6.0,604.0,15.0,15.0,0.0,4.968
605,100.0,6.0,605.0,15.0,15.0,0.0,4.968
606,100.0,6.0,606.0,15.0,15.0,0.0,4.968
607,100.0,6.0,607.0,15.0,15.0,0.0,4.968
608,100.0,6.0,608.0,15.0,15.0,0.0,4.968
609,100.0,6.0,609.0,15.0,15.0,0.0,4.968
610,100.0,6.0,610.0,15.0,15.0,0.0,4.968
611,100.0,6.0,611.0,15.0,15.0,0.0,4.968
612,100.0,6.0,612.0,6.124929,6.124929,5.46875,4.968
613,100.0,6.0,613.0,6.124929,6.124929,0.0,4.968
614,100.0,6.0,614.0,6.124929,6.124929,0.0,4.968
615,100.0,6.0,615.0,6.124929,6.124929,0.0,4.968
616,100.0,6.0,616.0,6.124929,6.124929,0.0,4.968
617,100.0,6.0,617.0,6.124929,6.124929,0.0,4.968
618,100.0,6.0,618.0,6.124929,6.124929,0.0,4.968
619,100.0,6.0,619.0,6.124929,6.124929,0.0,4.968
620,100.0,6.0,620.0,6.124929,6.124929,0.0,4.968
621,100.0,6.0,621.0,6.124929,6.124929,0.0,4.968
622,100.0,6.0,622.0,6.124929,6.124929,0.0,4.968
623,100.0,6.0,623.0,15.0,15.0,0.0,4.968
624,100.0,6.0,624.0,15.0,15.0,0.0,4.968
625,100.0,6.0,625.0,15.0,15.0,0.0,4.968
626,100.0,6.0,626.0,15.0,15.0,0.0,4.968
627,100.0,6.0,627.0,15.0,15.0,0.0,4.968
628,100.0,6.0,628.0,15.0,15.0,0.0,4.968
629,100.0,6.0,629.0,15.0,15.0,0.0,4.968
630,100.0,6.0,630.0,15.0,15.0,0.0,4.968
631,100.0,6.0,631.0,15.0,15.0,0.0,4.968
632,100.0,6.0,632.0,15.0,15.0,0.0,4.968
633,100.0,6.0,633.0,15.0,15.0,0.0,4.968
634,100.0,6.0,634.0,15.0,15.0,0.0,4.968
635,100.0,6.0,635.0,15.0,15.0,0.0,4.968
636,100.0,6.0,636.0,15.0,15.0,0.0,4.968
637,100.0,6.0,637.0,15.0,15.0,0.0,4.968
638,100.0,6.0,638.0,15.0,15.0,0.0,4.968
639,100.0,6.0,639.0,15.0,15.0,0.0,4.968
640,100.0,6.0,640.0,15.0,15.0,0.0,4.968
641,100.0,6.0,641.0,15.0,15.0,0.0,4.968
642,100.0,6.0,642.0,15.0,15.0,0.0,4.968
643,100.0,6.0,643.0,15.0,15.0,0.0,4.968
644,100.0,6.0,644.0,15.0,15.0,0.0,4.968
645,100.0,6.0,645.0,15.0,15.0,0.0,4.968
646,100.0,6.0,646.0,15.0,15.0,0.0,4.968
647,100.0,6.0,647.0,15.0,15.0,0.0,4.968
648,100.0,6.0,648.0,15.0,15.0,0.0,4.968
649,100.0,6.0,649.0,15.0,15.0,0.0,4.968
650,100.0,6.0,650.0,15.0,15.0,0.0,4.968
651,100.0,6.0,651.0,15.0,15.0,0.0,4.968
652,100.0,6.0,652.0,15.0,15.0,0.0,4.968
653,100.0,6.0,653.0,15.0,15.0,0.0,4.968
654,100.0,6.0,654.0,15.0,15.0,0.0,4.968
655,100.0,6.0,655.0,15.0,15.0,0.0,4.968
656,100.0,6.0,656.0,15.0,15.0,0.0,4.968
657,100.0,6.0,657.0,15.0,15.0,0.0,4.968
658,100.0,6.0,658.0,15.0,15.0,0.0,4.968
659,100.0,6.0,659.0,15.0,15.0,0.0,4.968
660,100.0,6.0,660.0,15.0,15.0,0.0,4.968
661,100.0,6.0,661.0,15.0,15.0,0.0,4.968
662,100.0,6.0,662.0,15.0,15.0,0.0,4.968
663,100.0,6.0,663.0,15.0,15.0,0.0,4.968
664,100.0,6.0,664.0,15.0,15.0,0.0,4.968
665,100.0,6.0,665.0,15.0,15.0,0.0,4.968
666,100.0,6.0,666.0,15.0,15.0,0.0,4.968
667,100.0,6.0,667.0,15.0,15.0,0.0,4.968
668,100.0,6.0,668.0,15.0,15.0,0.0,4.968
669,100.0,6.0,669.0,15.0,15.0,0.0,4.968
670,100.0,6.0,670.0,15.0,15.0,0.0,4.968
671,100.0,6.0,671.0,15.0,15.0,0.0,4.968
672,100.0,6.0,672.0,15.0,15.0,0.0,4.968
673,100.0,6.0,673.0,15.0,15.0,0.0,4.968
674,100.0,6.0,674.0,15.0,15.0,0.0,4.968
675,100.0,6.0,675.0,15.0,15.0,0.0,4.968
676,100.0,6.0,676.0,15.0,15.0,0.0,4.968
677,100.0,6.0,677.0,15.0,15.0,0.0,4.968
678,100.0,6.0,678.0,15.0,15.0,0.0,4.968
679,100.0,6.0,679.0,15.0,15.0,0.0,4.968
680,100.0,6.0,680.0,15.0,15.0,0.0,4.968
681,100.0,6.0,681.0,15.0,15.0,0.0,4.968
682,100.0,6.0,682.0,15.0,15.0,0.0,4.968
683,100.0,6.0,683.0,15.0,15.0,0.0,4.968
684,100.0,6.0,684.0,15.0,15.0,0.0,4.968
685,100.0,6.0,685.0,15.0,15.0,0.0,4.968
686,100.0,6.0,686.0,15.0,15.0,0.0,4.968
687,100.0,6.0,687.0,15.0,15.0,0.0,4.968
688,100.0,6.0,688.0,15.0,15.0,0.0,4.968
689,100.0,6.0,689.0,15.0,15.0,0.0,4.968
690,100.0,6.0,690.0,15.0,15.0,0.0,4.968
691,100.0,6.0,691.0,15.0,15.0,0.0,4.968
692,100.0,6.0,692.0,15.0,15.0,0.0,4.968
693,100.0,6.0,693.0,15.0,15.0,0.0,4.968
694,100.0,6.0,694.0,15.0,15.0,0.0,4.968
695,100.0,6.0,695.0,15.0,15.0,0.0,4.968
696,100.0,6.0,696.0,15.0,15.0,0.0,4.968
697,100.0,6.0,697.0,15.0,15.0,0.0,4.968
698,100.0,6.0,698.0,15.0,15.0,0.0,4.968
699,100.0,6.0,699.0,15.0,15.0,0.0,4.968
700,100.0,7.0,700.0,15.0,15.0,0.0,4.968
701,100.0,7.0,701.0,15.0,15.0,0.0,4.968
702,100.0,7.0,702.0,15.0,15.0,0.0,4.968
703,100.0,7.0,703.0,15.0,15.0,0.0,4.968
704,100.0,7.0,704.0,15.0,15.0,0.0,4.968
705,100.0,7.0,705.0,15.0,15.0,0.0,4.968
706,100.0,7.0,706.0,15.0,15.0,0.0,4.968
707,100.0,7.0,707.0,15.0,15.0,0.0,4.968
708,100.0,7.0,708.0,15.0,15.0,0.0,4.968
709,100.0,7.0,709.0,15.0,15.0,0.0,4.968
710,100.0,7.0,710.0,15.0,15.0,0.0,4.968
711,100.0,7.0,711.0,15.0,15.0,0.0,4.968
712,100.0,7.0,712.0,15.0,15.0,0.0,4.968
713,100.0,7.0,713.0,15.0,15.0,0.0,4.968
714,100.0,7.0,714.0,15.0,15.0,0.0,4.968
715,100.0,7.0,715.0,15.0,15.0,0.0,4.968
716,100.0,7.0,716.0,15.0,15.0,0.0,4.968
717,100.0,7.0,717.0,15.0,15.0,0.0,4.968
718,100.0,7.0,718.0,15.0,15.0,0.0,4.968
719,100.0,7.0,719.0,15.0,15.0,0.0,4.968
720,100.0,7.0,720.0,15.0,15.0,0.0,4.968
721,100.0,7.0,721.0,15.0,15.0,0.0,4.968
722,100.0,7.0,722.0,15.0,15.0,0.0,4.968
723,100.0,7.0,723.0,15.0,15.0,0.0,4.968
724,100.0,7.0,724.0,15.0,15.0,0.0,4.968
725,100.0,7.0,725.0,15.0,15.0,0.0,4.968
726,100.0,7.0,726.0,15.0,15.0,0.0,4.968
727,100.0,7.0,727.0,15.0,15.0,0.0,4.968
728,100.0,7.0,728.0,15.0,15.0,0.0,4.968
729,100.0,7.0,729.0,15.0,15.0,0.0,4.968
730,100.0,7.0,730.0,15.0,15.0,0.0,4.968
731,100.0,7.0,731.0,15.0,15.0,0.0,4.968
732,100.0,7.0,732.0,15.0,15.0,0.0,4.968
733,100.0,7.0,733.0,15.0,15.0,0.0,4.968
734,100.0,7.0,734.0,15.0,15.0,0.0,4.968
735,100.0,7.0,735.0,15.0,15.0,0.0,4.968
736,100.0,7.0,736.0,15.0,15.0,0.0,4.968
737,100.0,7.0,737.0,15.0,15.0,0.0,4.968
738,100.0,7.0,738.0,15.0,15.0,0.0,4.968
739,100.0,7.0,739.0,15.0,15.0,0.0,4.968
740,100.0,7.0,740.0,15.0,15.0,0.0,4.968
741,100.0,7.0,741.0,15.0,15.0,0.0,4.968
742,100.0,7.0,742.0,15.0,15.0,0.0,4.968
743,100.0,7.0,743.0,15.0,15.0,9.1796875,4.968
744,100.0,7.0,744.0,15.0,15.0,6.73828125,4.968
745,100.0,7.0,745.0,15.0,15.0,0.0,4.968
746,100.0,7.0,746.0,15.0,15.0,0.0,4.968
747,100.0,7.0,747.0,15.0,15.0,8.69140625,4.968
748,100.0,7.0,748.0,15.0,15.0,0.0,4.968
749,100.0,7.0,749.0,15.0,15.0,0.0,4.968
750,100.0,7.0,750.0,15.0,15.0,0.0,4.968
751,100.0,7.0,751.0,15.0,15.0,0.0,4.968
752,100.0,7.0,752.0,15.0,15.0,0.0,4.968
753,100.0,7.0,753.0,15.0,15.0,0.0,4.968
754,100.0,7.0,754.0,15.0,15.0,0.0,4.968
755,100.0,7.0,755.0,15.0,15.0,0.0,4.968
756,100.0,7.0,756.0,15.0,15.0,0.0,4.968
757,100.0,7.0,757.0,15.0,15.0,0.0,4.968
758,100.0,7.0,758.0,15.0,15.0,0.0,4.968
759,100.0,7.0,759.0,15.0,15.0,0.0,4.968
760,100.0,7.0,760.0,15.0,15.0,0.0,4.968
761,100.0,7.0,761.0,15.0,15.0,0.0,4.968
762,100.0,7.0,762.0,15.0,15.0,0.0,4.968
763,100.0,7.0,763.0,15.0,15.0,0.0,4.968
764,100.0,7.0,764.0,15.0,15.0,0.0,4.968
765,100.0,7.0,765.0,15.0,15.0,0.0,4.968
766,100.0,7.0,766.0,15.0,15.0,0.0,4.968
767,100.0,7.0,767.0,15.0,15.0,0.0,4.968
768,100.0,7.0,768.0,15.0,15.0,0.0,4.968
769,100.0,7.0,769.0,15.0,15.0,0.0,4.968
770,100.0,7.0,770.0,15.0,15.0,0.0,4.968
771,100.0,7.0,771.0,15.0,15.0,0.0,4.968
772,100.0,7.0,772.0,15.0,15.0,0.0,4.968
773,100.0,7.0,773.0,15.0,15.0,0.0,4.968
774,100.0,7.0,774.0,15.0,15.0,0.0,4.968
775,100.0,7.0,775.0,15.0,15.0,0.0,4.968
776,100.0,7.0,776.0,15.0,15.0,0.0,4.968
777,100.0,7.0,777.0,15.0,15.0,0.0,4.968
778,100.0,7.0,778.0,15.0,15.0,0.0,4.968
779,100.0,7.0,779.0,15.0,15.0,0.0,4.968
780,100.0,7.0,780.0,15.0,15.0,0.0,4.968
781,100.0,7.0,781.0,15.0,15.0,0.0,4.968
782,100.0,7.0,782.0,15.0,15.0,0.0,4.968
783,100.0,7.0,783.0,15.0,15.0,0.0,4.968
784,100.0,7.0,784.0,15.0,15.0,0.0,4.968
785,100.0,7.0,785.0,15.0,15.0,0.0,4.968
786,100.0,7.0,786.0,15.0,15.0,0.0,4.968
787,100.0,7.0,787.0,15.0,15.0,0.0,4.968
788,100.0,7.0,788.0,15.0,15.0,0.0,4.968
789,100.0,7.0,789.0,15.0,15.0,0.0,4.968
790,100.0,7.0,790.0,15.0,15.0,0.0,4.968
791,100.0,7.0,791.0,15.0,15.0,0.0,4.968
792,100.0,7.0,792.0,15.0,15.0,0.0,4.968
793,100.0,7.0,793.0,15.0,15.0,0.0,4.968
794,100.0,7.0,794.0,15.0,15.0,0.0,4.968
795,100.0,7.0,795.0,15.0,15.0,0.0,4.968
796,100.0,7.0,796.0,15.0,15.0,0.0,4.968
797,100.0,7.0,797.0,15.0,15.0,0.0,4.968
798,100.0,7.0,798.0,15.0,15.0,0.0,4.968
799,100.0,7.0,799.0,15.0,15.0,0.0,4.968
800,100.0,8.0,800.0,15.0,15.0,0.0,4.968
801,100.0,8.0,801.0,15.0,15.0,0.0,4.968
802,100.0,8.0,802.0,15.0,15.0,0.0,4.968
803,100.0,8.0,803.0,15.0,15.0,0.0,4.968
804,100.0,8.0,804.0,15.0,15.0,0.0,4.968
805,100.0,8.0,805.0,15.0,15.0,0.0,4.968
806,100.0,8.0,806.0,15.0,15.0,0.0,4.968
807,100.0,8.0,807.0,15.0,15.0,0.0,4.968
808,100.0,8.0,808.0,15.0,15.0,0.0,4.968
809,100.0,8.0,809.0,15.0,15.0,0.0,4.968
810,100.0,8.0,810.0,15.0,15.0,0.0,4.968
811,100.0,8.0,811.0,15.0,15.0,0.0,4.968
812,100.0,8.0,812.0,15.0,15.0,0.0,4.968
813,100.0,8.0,813.0,15.0,15.0,0.0,4.968
814,100.0,8.0,814.0,15.0,15.0,0.0,4.968
815,100.0,8.0,815.0,15.0,15.0,0.0,4.968
816,100.0,8.0,816.0,15.0,15.0,0.0,4.968
817,100.0,8.0,817.0,15.0,15.0,0.0,4.968
818,100.0,8.0,818.0,15.0,15.0,0.0,4.968
819,100.0,8.0,819.0,15.0,15.0,0.0,4.968
820,100.0,8.0,820.0,15.0,15.0,0.0,4.968
821,100.0,8.0,821.0,15.0,15.0,0.0,4.968
822,100.0,8.0,822.0,15.0,15.0,0.0,4.968
823,100.0,8.0,823.0,15.0,15.0,0.0,4.968
824,100.0,8.0,824.0,15.0,15.0,0.0,4.968
825,100.0,8.0,825.0,15.0,15.0,0.0,4.968
826,100.0,8.0,826.0,15.0,15.0,0.0,4.968
827,100.0,8.0,827.0,15.0,15.0,0.0,4.968
828,100.0,8.0,828.0,15.0,15.0,0.0,4.968
829,100.0,8.0,829.0,15.0,15.0,0.0,4.968
830,100.0,8.0,830.0,15.0,15.0,0.0,4.968
831,100.0,8.0,831.0,15.0,15.0,0.0,4.968
832,100.0,8.0,832.0,15.0,15.0,0.0,4.968
833,100.0,8.0,833.0,15.0,15.0,0.0,4.968
834,100.0,8.0,834.0,15.0,15.0,0.0,4.968
835,100.0,8.0,835.0,15.0,15.0,0.0,4.968
836,100.0,8.0,836.0,15.0,15.0,0.0,4.968
837,100.0,8.0,837.0,15.0,15.0,0.0,4.968
838,100.0,8.0,838.0,15.0,15.0,0.0,4.968
839,100.0,8.0,839.0,15.0,15.0,0.0,4.968
840,100.0,8.0,840.0,15.0,15.0,0.0,4.968
841,100.0,8.0,841.0,15.0,15.0,0.0,4.968
842,100.0,8.0,842.0,15.0,15.0,0.0,4.968
843,100.0,8.0,843.0,15.0,15.0,0.0,4.968
844,100.0,8.0,844.0,15.0,15.0,0.0,4.968
845,100.0,8.0,845.0,15.0,15.0,0.0,4.968
846,100.0,8.0,846.0,15.0,15.0,0.0,4.968
847,100.0,8.0,847.0,15.0,15.0,0.0,4.968
848,100.0,8.0,848.0,15.0,15.0,0.0,4.968
849,100.0,8.0,849.0,15.0,15.0,0.0,4.968
850,100.0,8.0,850.0,15.0,15.0,0.0,4.968
851,100.0,8.0,851.0,15.0,15.0,0.0,4.968
852,100.0,8.0,852.0,15.0,15.0,0.0,4.968
853,100.0,8.0,853.0,15.0,15.0,0.0,4.968
854,100.0,8.0,854.0,15.0,15.0,0.0,4.968
855,100.0,8.0,855.0,15.0,15.0,0.0,4.968
856,100.0,8.0,856.0,15.0,15.0,0.0,4.968
857,100.0,8.0,857.0,15.0,15.0,0.0,4.968
858,100.0,8.0,858.0,15.0,15.0,0.0,4.968
859,100.0,8.0,859.0,15.0,15.0,0.0,4.968
860,100.0,8.0,860.0,15.0,15.0,0.0,4.968
861,100.0,8.0,861.0,15.0,15.0,0.0,4.968
862,100.0,8.0,862.0,15.0,15.0,0.0,4.968
863,100.0,8.0,863.0,15.0,15.0,0.0,4.968
864,100.0,8.0,864.0,15.0,15.0,0.0,4.968
865,100.0,8.0,865.0,15.0,15.0,0.0,4.968
866,100.0,8.0,866.0,15.0,15.0,0.0,4.968
867,100.0,8.0,867.0,15.0,15.0,0.0,4.968
868,100.0,8.0,868.0,15.0,15.0,0.0,4.968
869,100.0,8.0,869.0,15.0,15.0,0.0,4.968
870,100.0,8.0,870.0,15.0,15.0,0.0,4.968
871,100.0,8.0,871.0,15.0,15.0,0.0,4.968
872,100.0,8.0,872.0,15.0,15.0,0.0,4.968
873,100.0,8.0,873.0,15.0,15.0,0.0,4.968
874,100.0,8.0,874.0,15.0,15.0,0.0,4.968
875,100.0,8.0,875.0,15.0,15.0,0.0,4.968
876,100.0,8.0,876.0,15.0,15.0,0.0,4.968
877,100.0,8.0,877.0,15.0,15.0,0.0,4.968
878,100.0,8.0,878.0,15.0,15.0,0.0,4.968
879,100.0,8.0,879.0,15.0,15.0,0.0,4.968
880,100.0,8.0,880.0,15.0,15.0,0.0,4.968
881,100.0,8.0,881.0,15.0,15.0,0.0,4.968
882,100.0,8.0,882.0,15.0,15.0,0.0,4.968
883,100.0,8.0,883.0,15.0,15.0,0.0,4.968
884,100.0,8.0,884.0,15.0,15.0,0.0,4.968
885,100.0,8.0,885.0,15.0,15.0,0.0,4.968
886,100.0,8.0,886.0,15.0,15.0,0.0,4.968
887,100.0,8.0,887.0,15.0,15.0,0.0,4.968
888,100.0,8.0,888.0,15.0,15.0,0.0,4.968
889,100.0,8.0,889.0,15.0,15.0,0.0,4.968
890,100.0,8.0,890.0,15.0,15.0,0.0,4.968
891,100.0,8.0,891.0,15.0,15.0,0.0,4.968
892,100.0,8.0,892.0,15.0,15.0,0.0,4.968
893,100.0,8.0,893.0,15.0,15.0,0.0,4.968
894,100.0,8.0,894.0,15.0,15.0,0.0,4.968
895,100.0,8.0,895.0,15.0,15.0,0.0,4.968
896,100.0,8.0,896.0,15.0,15.0,0.0,4.968
897,100.0,8.0,897.0,15.0,15.0,0.0,4.968
898,100.0,8.0,898.0,15.0,15.0,0.0,4.968
899,100.0,8.0,899.0,6.127765,6.127765,5.2734375,4.968
900,100.0,9.0,900.0,6.127765,6.127765,0.0,4.968
901,100.0,9.0,901.0,6.127765,6.127765,0.0,4.968
902,100.0,9.0,902.0,6.127765,6.127765,0.0,4.968
903,100.0,9.0,903.0,6.127765,6.127765,0.0,4.968
904,100.0,9.0,904.0,6.127765,6.127765,0.0,4.968
905,100.0,9.0,905.0,6.127765,6.127765,0.0,4.968
906,100.0,9.0,906.0,6.127765,6.127765,0.0,4.968
907,100.0,9.0,907.0,6.127765,6.127765,0.0,4.968
908,100.0,9.0,908.0,6.127765,6.127765,0.0,4.968
909,100.0,9.0,909.0,6.127765,6.127765,0.0,4.968
910,100.0,9.0,910.0,15.0,15.0,0.0,4.968
911,100.0,9.0,911.0,15.0,15.0,0.0,4.968
912,100.0,9.0,912.0,15.0,15.0,0.0,4.968
913,100.0,9.0,913.0,15.0,15.0,0.0,4.968
914,100.0,9.0,914.0,15.0,15.0,0.0,4.968
915,100.0,9.0,915.0,15.0,15.0,0.0,4.968
916,100.0,9.0,916.0,15.0,15.0,0.0,4.968
917,100.0,9.0,917.0,15.0,15.0,0.0,4.968
918,100.0,9.0,918.0,15.0,15.0,0.0,4.968
919,100.0,9.0,919.0,15.0,15.0,0.0,4.968
920,100.0,9.0,920.0,15.0,15.0,0.0,4.968
921,100.0,9.0,921.0,15.0,15.0,0.0,4.968
922,100.0,9.0,922.0,15.0,15.0,0.0,4.968
923,100.0,9.0,923.0,15.0,15.0,0.0,4.968
924,100.0,9.0,924.0,15.0,15.0,0.0,4.968
925,100.0,9.0,925.0,15.0,15.0,0.0,4.968
926,100.0,9.0,926.0,15.0,15.0,0.0,4.968
927,100.0,9.0,927.0,15.0,15.0,0.0,4.968
928,100.0,9.0,928.0,15.0,15.0,0.0,4.968
929,100.0,9.0,929.0,15.0,15.0,0.0,4.968
930,100.0,9.0,930.0,15.0,15.0,0.0,4.968
931,100.0,9.0,931.0,15.0,15.0,0.0,4.968
932,100.0,9.0,932.0,15.0,15.0,0.0,4.968
933,100.0,9.0,933.0,15.0,15.0,0.0,4.968
934,100.0,9.0,934.0,15.0,15.0,0.0,4.968
935,100.0,9.0,935.0,15.0,15.0,0.0,4.968
936,100.0,9.0,936.0,15.0,15.0,0.0,4.968
937,100.0,9.0,937.0,15.0,15.0,0.0,4.968
938,100.0,9.0,938.0,15.0,15.0,0.0,4.968
939,100.0,9.0,939.0,15.0,15.0,0.0,4.968
940,100.0,9.0,940.0,15.0,15.0,0.0,4.968
941,100.0,9.0,941.0,15.0,15.0,0.0,4.968
942,100.0,9.0,942.0,15.0,15.0,0.0,4.968
943,100.0,9.0,943.0,15.0,15.0,0.0,4.968
944,100.0,9.0,944.0,15.0,15.0,0.0,4.968
945,100.0,9.0,945.0,15.0,15.0,0.0,4.968
946,100.0,9.0,946.0,15.0,15.0,0.0,4.968
947,100.0,9.0,947.0,15.0,15.0,0.0,4.968
948,100.0,9.0,948.0,15.0,15.0,0.0,4.968
949,100.0,9.0,949.0,15.0,15.0,0.0,4.968
950,100.0,9.0,950.0,15.0,15.0,0.0,4.968
951,100.0,9.0,951.0,15.0,15.0,0.0,4.968
952,100.0,9.0,952.0,15.0,15.0,0.0,4.968
953,100.0,9.0,953.0,15.0,15.0,0.0,4.968
954,100.0,9.0,954.0,15.0,15.0,0.0,4.968
955,100.0,9.0,955.0,15.0,15.0,0.0,4.968
956,100.0,9.0,956.0,15.0,15.0,0.0,4.968
957,100.0,9.0,957.0,15.0,15.0,0.0,4.968
958,100.0,9.0,958.0,15.0,15.0,0.0,4.968
959,100.0,9.0,959.0,15.0,15.0,0.0,4.968
960,100.0,9.0,960.0,15.0,15.0,0.0,4.968
961,100.0,9.0,961.0,15.0,15.0,0.0,4.968
962,100.0,9.0,962.0,15.0,15.0,0.0,4.968
963,100.0,9.0,963.0,15.0,15.0,0.0,4.968
964,100.0,9.0,964.0,15.0,15.0,0.0,4.968
965,100.0,9.0,965.0,15.0,15.0,0.0,4.968
966,100.0,9.0,966.0,15.0,15.0,0.0,4.968
967,100.0,9.0,967.0,15.0,15.0,0.0,4.968
968,100.0,9.0,968.0,15.0,15.0,0.0,4.968
969,100.0,9.0,969.0,15.0,15.0,0.0,4.968
970,100.0,9.0,970.0,15.0,15.0,0.0,4.968
971,100.0,9.0,971.0,15.0,15.0,0.0,4.968
972,100.0,9.0,972.0,15.0,15.0,0.0,4.968
973,100.0,9.0,973.0,15.0,15.0,0.0,4.968
974,100.0,9.0,974.0,15.0,15.0,0.0,4.968
975,100.0,9.0,975.0,15.0,15.0,0.0,4.968
976,100.0,9.0,976.0,15.0,15.0,0.0,4.968
977,100.0,9.0,977.0,15.0,15.0,0.0,4.968
978,100.0,9.0,978.0,15.0,15.0,0.0,4.968
979,100.0,9.0,979.0,15.0,15.0,0.0,4.968
980,100.0,9.0,980.0,15.0,15.0,0.0,4.968
981,100.0,9.0,981.0,15.0,15.0,0.0,4.968
982,100.0,9.0,982.0,15.0,15.0,0.0,4.968
983,100.0,9.0,983.0,15.0,15.0,0.0,4.968
984,100.0,9.0,984.0,15.0,15.0,0.0,4.968
985,100.0,9.0,985.0,15.0,15.0,0.0,4.968
986,100.0,9.0,986.0,15.0,15.0,0.0,4.968
987,100.0,9.0,987.0,15.0,15.0,0.0,4.968
988,100.0,9.0,988.0,15.0,15.0,0.0,4.968
989,100.0,9.0,989.0,15.0,15.0,0.0,4.968
990,100.0,9.0,990.0,15.0,15.0,0.0,4.968
991,100.0,9.0,991.0,15.0,15.0,0.0,4.968
992,100.0,9.0,992.0,15.0,15.0,0.0,4.968
993,100.0,9.0,993.0,15.0,15.0,0.0,4.968
994,100.0,9.0,994.0,15.0,15.0,0.0,4.968
995,100.0,9.0,995.0,15.0,15.0,0.0,4.968
996,100.0,9.0,996.0,15.0,15.0,0.0,4.968
997,100.0,9.0,997.0,15.0,15.0,0.0,4.968
998,100.0,9.0,998.0,15.0,15.0,0.0,4.968
999,100.0,9.0,999.0,15.0,15.0,0.0,4.968
1000,100.0,10.0,1000.0,15.0,15.0,0.0,4.968
1001,100.0,10.0,1001.0,15.0,15.0,0.0,4.968
1002,100.0,10.0,1002.0,15.0,15.0,0.0,4.968
1003,100.0,10.0,1003.0,15.0,15.0,0.0,4.968
1004,100.0,10.0,1004.0,15.0,15.0,0.0,4.968
1005,100.0,10.0,1005.0,15.0,15.0,0.0,4.968
1006,100.0,10.0,1006.0,15.0,15.0,0.0,4.968
1007,100.0,10.0,1007.0,15.0,15.0,0.0,4.968
1008,100.0,10.0,1008.0,15.0,15.0,0.0,4.968
1009,100.0,10.0,1009.0,15.0,15.0,0.0,4.968
1010,100.0,10.0,1010.0,15.0,15.0,0.0,4.968
1011,100.0,10.0,1011.0,15.0,15.0,0.0,4.968
1012,100.0,10.0,1012.0,15.0,15.0,0.0,4.968
1013,100.0,10.0,1013.0,15.0,15.0,0.0,4.968
1014,100.0,10.0,1014.0,15.0,15.0,0.0,4.968
1015,100.0,10.0,1015.0,15.0,15.0,0.0,4.968
1016,100.0,10.0,1016.0,15.0,15.0,0.0,4.968
1017,100.0,10.0,1017.0,15.0,15.0,0.0,4.968
1018,100.0,10.0,1018.0,15.0,15.0,0.0,4.968
1019,100.0,10.0,1019.0,15.0,15.0,0.0,4.968
1020,100.0,10.0,1020.0,15.0,15.0,0.0,4.968
1021,100.0,10.0,1021.0,15.0,15.0,0.0,4.968
1022,100.0,10.0,1022.0,15.0,15.0,0.0,4.968
1023,100.0,10.0,1023.0,15.0,15.0,0.0,4.968
1024,100.0,10.0,1024.0,15.0,15.0,0.0,4.968
1025,100.0,10.0,1025.0,15.0,15.0,0.0,4.968
1026,100.0,10.0,1026.0,15.0,15.0,0.0,4.968
1027,100.0,10.0,1027.0,15.0,15.0,0.0,4.968
1028,100.0,10.0,1028.0,15.0,15.0,0.0,4.968
1029,100.0,10.0,1029.0,15.0,15.0,0.0,4.968
1030,100.0,10.0,1030.0,15.0,15.0,0.0,4.968
1031,100.0,10.0,1031.0,15.0,15.0,0.0,4.968
1032,100.0,10.0,1032.0,15.0,15.0,0.0,4.968
1033,100.0,10.0,1033.0,15.0,15.0,0.0,4.968
1034,100.0,10.0,1034.0,15.0,15.0,0.0,4.968
1035,100.0,10.0,1035.0,15.0,15.0,0.0,4.968
1036,100.0,10.0,1036.0,15.0,15.0,0.0,4.968
1037,100.0,10.0,1037.0,15.0,15.0,0.0,4.968
1038,100.0,10.0,1038.0,15.0,15.0,0.0,4.968
1039,100.0,10.0,1039.0,15.0,15.0,0.0,4.968
1040,100.0,10.0,1040.0,15.0,15.0,0.0,4.968
1041,100.0,10.0,1041.0,15.0,15.0,0.0,4.968
1042,100.0,10.0,1042.0,15.0,15.0,0.0,4.968
1043,100.0,10.0,1043.0,15.0,15.0,0.0,4.968
1044,100.0,10.0,1044.0,15.0,15.0,0.0,4.968
1045,100.0,10.0,1045.0,15.0,15.0,0.0,4.968
1046,100.0,10.0,1046.0,15.0,15.0,0.0,4.968
1047,100.0,10.0,1047.0,15.0,15.0,0.0,4.968
1048,100.0,10.0,1048.0,15.0,15.0,0.0,4.968
1049,100.0,10.0,1049.0,15.0,15.0,0.0,4.968
1050,100.0,10.0,1050.0,15.0,15.0,0.0,4.968
1051,100.0,10.0,1051.0,15.0,15.0,0.0,4.968
1052,100.0,10.0,1052.0,15.0,15.0,0.0,4.968
1053,100.0,10.0,1053.0,15.0,15.0,0.0,4.968
1054,100.0,10.0,1054.0,15.0,15.0,0.0,4.968
1055,100.0,10.0,1055.0,15.0,15.0,0.0,4.968
1056,100.0,10.0,1056.0,15.0,15.0,0.0,4.968
1057,100.0,10.0,1057.0,15.0,15.0,0.0,4.968
1058,100.0,10.0,1058.0,15.0,15.0,0.0,4.968
1059,100.0,10.0,1059.0,15.0,15.0,0.0,4.968
1060,100.0,10.0,1060.0,15.0,15.0,0.0,4.968
1061,100.0,10.0,1061.0,15.0,15.0,0.0,4.968
1062,100.0,10.0,1062.0,15.0,15.0,0.0,4.968
1063,100.0,10.0,1063.0,15.0,15.0,0.0,4.968
1064,100.0,10.0,1064.0,15.0,15.0,0.0,4.968
1065,100.0,10.0,1065.0,15.0,15.0,0.0,4.968
1066,100.0,10.0,1066.0,15.0,15.0,0.0,4.968
1067,100.0,10.0,1067.0,15.0,15.0,0.0,4.968
1068,100.0,10.0,1068.0,15.0,15.0,0.0,4.968
1069,100.0,10.0,1069.0,15.0,15.0,0.0,4.968
1070,100.0,10.0,1070.0,15.0,15.0,0.0,4.968
1071,100.0,10.0,1071.0,15.0,15.0,0.0,4.968
1072,100.0,10.0,1072.0,15.0,15.0,0.0,4.968
1073,100.0,10.0,1073.0,15.0,15.0,0.0,4.968
1074,100.0,10.0,1074.0,15.0,15.0,0.0,4.968
1075,100.0,10.0,1075.0,15.0,15.0,0.0,4.968
1076,100.0,10.0,1076.0,15.0,15.0,0.0,4.968
1077,100.0,10.0,1077.0,15.0,15.0,0.0,4.968
1078,100.0,10.0,1078.0,15.0,15.0,0.0,4.968
1079,100.0,10.0,1079.0,15.0,15.0,0.0,4.968
1080,100.0,10.0,1080.0,15.0,15.0,0.0,4.968
1081,100.0,10.0,1081.0,15.0,15.0,0.0,4.968
1082,100.0,10.0,1082.0,15.0,15.0,0.0,4.968
1083,100.0,10.0,1083.0,15.0,15.0,0.0,4.968
1084,100.0,10.0,1084.0,15.0,15.0,0.0,4.968
1085,100.0,10.0,1085.0,15.0,15.0,0.0,4.968
1086,100.0,10.0,1086.0,15.0,15.0,0.0,4.968
1087,100.0,10.0,1087.0,15.0,15.0,0.0,4.968
1088,100.0,10.0,1088.0,15.0,15.0,0.0,4.968
1089,100.0,10.0,1089.0,15.0,15.0,0.0,4.968
1090,100.0,10.0,1090.0,15.0,15.0,0.0,4.968
1091,100.0,10.0,1091.0,15.0,15.0,0.0,4.968
1092,100.0,10.0,1092.0,15.0,15.0,0.0,4.968
1093,100.0,10.0,1093.0,15.0,15.0,0.0,4.968
1094,100.0,10.0,1094.0,15.0,15.0,0.0,4.968
1095,100.0,10.0,1095.0,15.0,15.0,0.0,4.968
1096,100.0,10.0,1096.0,15.0,15.0,0.0,4.968
1097,100.0,10.0,1097.0,15.0,15.0,0.0,4.968
1098,100.0,10.0,1098.0,15.0,15.0,0.0,4.968
1099,100.0,10.0,1099.0,15.0,15.0,0.0,4.968
1100,100.0,11.0,1100.0,15.0,15.0,0.0,4.968
1101,100.0,11.0,1101.0,15.0,15.0,0.0,4.968
1102,100.0,11.0,1102.0,15.0,15.0,0.0,4.968
1103,100.0,11.0,1103.0,15.0,15.0,0.0,4.968
1104,100.0,11.0,1104.0,15.0,15.0,0.0,4.968
1105,100.0,11.0,1105.0,15.0,15.0,0.0,4.968
1106,100.0,11.0,1106.0,15.0,15.0,0.0,4.968
1107,100.0,11.0,1107.0,15.0,15.0,0.0,4.968
1108,100.0,11.0,1108.0,15.0,15.0,0.0,4.968
1109,100.0,11.0,1109.0,15.0,15.0,0.0,4.968
1110,100.0,11.0,1110.0,15.0,15.0,0.0,4.968
1111,100.0,11.0,1111.0,15.0,15.0,0.0,4.968
1112,100.0,11.0,1112.0,15.0,15.0,0.0,4.968
1113,100.0,11.0,1113.0,15.0,15.0,0.0,4.968
1114,100.0,11.0,1114.0,15.0,15.0,0.0,4.968
1115,100.0,11.0,1115.0,15.0,15.0,0.0,4.968
1116,100.0,11.0,1116.0,15.0,15.0,0.0,4.968
1117,100.0,11.0,1117.0,15.0,15.0,0.0,4.968
1118,100.0,11.0,1118.0,15.0,15.0,0.0,4.968
1119,100.0,11.0,1119.0,15.0,15.0,0.0,4.968
1120,100.0,11.0,1120.0,15.0,15.0,0.0,4.968
1121,100.0,11.0,1121.0,15.0,15.0,0.0,4.968
1122,100.0,11.0,1122.0,15.0,15.0,0.0,4.968
1123,100.0,11.0,1123.0,15.0,15.0,0.0,4.968
1124,100.0,11.0,1124.0,15.0,15.0,0.0,4.968
1125,100.0,11.0,1125.0,15.0,15.0,0.0,4.968
1126,100.0,11.0,1126.0,15.0,15.0,0.0,4.968
1127,100.0,11.0,1127.0,15.0,15.0,0.0,4.968
1128,100.0,11.0,1128.0,15.0,15.0,0.0,4.968
1129,100.0,11.0,1129.0,15.0,15.0,0.0,4.968
1130,100.0,11.0,1130.0,15.0,15.0,0.0,4.968
1131,100.0,11.0,1131.0,15.0,15.0,0.0,4.968
1132,100.0,11.0,1132.0,15.0,15.0,0.0,4.968
1133,100.0,11.0,1133.0,15.0,15.0,0.0,4.968
1134,100.0,11.0,1134.0,15.0,15.0,0.0,4.968
1135,100.0,11.0,1135.0,15.0,15.0,0.0,4.968
1136,100.0,11.0,1136.0,15.0,15.0,0.0,4.968
1137,100.0,11.0,1137.0,15.0,15.0,0.0,4.968
1138,100.0,11.0,1138.0,15.0,15.0,0.0,4.968
1139,100.0,11.0,1139.0,15.0,15.0,0.0,4.968
1140,100.0,11.0,1140.0,15.0,15.0,0.0,4.968
1141,100.0,11.0,1141.0,15.0,15.0,0.0,4.968
1142,100.0,11.0,1142.0,15.0,15.0,0.0,4.968
1143,100.0,11.0,1143.0,15.0,15.0,0.0,4.968
1144,100.0,11.0,1144.0,15.0,15.0,0.0,4.968
1145,100.0,11.0,1145.0,15.0,15.0,0.0,4.968
1146,100.0,11.0,1146.0,15.0,15.0,0.0,4.968
1147,100.0,11.0,1147.0,15.0,15.0,0.0,4.968
1148,100.0,11.0,1148.0,15.0,15.0,0.0,4.968
1149,100.0,11.0,1149.0,15.0,15.0,0.0,4.968
1150,100.0,11.0,1150.0,15.0,15.0,0.0,4.968
1151,100.0,11.0,1151.0,15.0,15.0,0.0,4.968
1152,100.0,11.0,1152.0,15.0,15.0,0.0,4.968
1153,100.0,11.0,1153.0,15.0,15.0,0.0,4.968
1154,100.0,11.0,1154.0,15.0,15.0,0.0,4.968
1155,100.0,11.0,1155.0,15.0,15.0,0.0,4.968
1156,100.0,11.0,1156.0,15.0,15.0,0.0,4.968
1157,100.0,11.0,1157.0,15.0,15.0,0.0,4.968
1158,100.0,11.0,1158.0,15.0,15.0,0.0,4.968
1159,100.0,11.0,1159.0,15.0,15.0,0.0,4.968
1160,100.0,11.0,1160.0,15.0,15.0,0.0,4.968
1161,100.0,11.0,1161.0,15.0,15.0,0.0,4.968
1162,100.0,11.0,1162.0,15.0,15.0,0.0,4.968
1163,100.0,11.0,1163.0,15.0,15.0,0.0,4.968
1164,100.0,11.0,1164.0,15.0,15.0,0.0,4.968
1165,100.0,11.0,1165.0,15.0,15.0,0.0,4.968
1166,100.0,11.0,1166.0,15.0,15.0,0.0,4.968
1167,100.0,11.0,1167.0,15.0,15.0,0.0,4.968
1168,100.0,11.0,1168.0,15.0,15.0,0.0,4.968
1169,100.0,11.0,1169.0,15.0,15.0,0.0,4.968
1170,100.0,11.0,1170.0,15.0,15.0,0.0,4.968
1171,100.0,11.0,1171.0,15.0,15.0,0.0,4.968
1172,100.0,11.0,1172.0,15.0,15.0,0.0,4.968
1173,100.0,11.0,1173.0,15.0,15.0,0.0,4.968
1174,100.0,11.0,1174.0,15.0,15.0,0.0,4.968
1175,100.0,11.0,1175.0,15.0,15.0,0.0,4.968
1176,100.0,11.0,1176.0,15.0,15.0,0.0,4.968
1177,100.0,11.0,1177.0,15.0,15.0,0.0,4.968
1178,100.0,11.0,1178.0,15.0,15.0,0.0,4.968
1179,100.0,11.0,1179.0,15.0,15.0,0.0,4.968
1180,100.0,11.0,1180.0,15.0,15.0,0.0,4.968
1181,100.0,11.0,1181.0,15.0,15.0,0.0,4.968
1182,100.0,11.0,1182.0,15.0,15.0,0.0,4.968
1183,100.0,11.0,1183.0,15.0,15.0,0.0,4.968
1184,100.0,11.0,1184.0,15.0,15.0,0.0,4.968
1185,100.0,11.0,1185.0,15.0,15.0,0.0,4.968
1186,100.0,11.0,1186.0,15.0,15.0,0.0,4.968
1187,100.0,11.0,1187.0,15.0,15.0,0.0,4.968
1188,100.0,11.0,1188.0,15.0,15.0,0.0,4.968
1189,100.0,11.0,1189.0,15.0,15.0,0.0,4.968
1190,100.0,11.0,1190.0,15.0,15.0,0.0,4.968
1191,100.0,11.0,1191.0,15.0,15.0,0.0,4.968
1192,100.0,11.0,1192.0,15.0,15.0,0.0,4.968
1193,100.0,11.0,1193.0,15.0,15.0,0.0,4.968
1194,100.0,11.0,1194.0,15.0,15.0,0.0,4.968
1195,100.0,11.0,1195.0,15.0,15.0,0.0,4.968
1196,100.0,11.0,1196.0,15.0,15.0,0.0,4.968
1197,100.0,11.0,1197.0,15.0,15.0,0.0,4.968
1198,100.0,11.0,1198.0,15.0,15.0,0.0,4.968
1199,100.0,11.0,1199.0,15.0,15.0,0.0,4.968
1200,100.0,12.0,1200.0,15.0,15.0,0.0,4.968
1201,100.0,12.0,1201.0,15.0,15.0,0.0,4.968
1202,100.0,12.0,1202.0,15.0,15.0,0.0,4.968
1203,100.0,12.0,1203.0,15.0,15.0,0.0,4.968
1204,100.0,12.0,1204.0,15.0,15.0,0.0,4.968
1205,100.0,12.0,1205.0,15.0,15.0,0.0,4.968
1206,100.0,12.0,1206.0,15.0,15.0,0.0,4.968
1207,100.0,12.0,1207.0,15.0,15.0,0.0,4.968
1208,100.0,12.0,1208.0,15.0,15.0,0.0,4.968
1209,100.0,12.0,1209.0,15.0,15.0,0.0,4.968
1210,100.0,12.0,1210.0,15.0,15.0,0.0,4.968
1211,100.0,12.0,1211.0,15.0,15.0,0.0,4.968
1212,100.0,12.0,1212.0,15.0,15.0,0.0,4.968
1213,100.0,12.0,1213.0,15.0,15.0,0.0,4.968
1214,100.0,12.0,1214.0,15.0,15.0,0.0,4.968
1215,100.0,12.0,1215.0,15.0,15.0,0.0,4.968
1216,100.0,12.0,1216.0,15.0,15.0,0.0,4.968
1217,100.0,12.0,1217.0,15.0,15.0,0.0,4.968
1218,100.0,12.0,1218.0,15.0,15.0,0.0,4.968
1219,100.0,12.0,1219.0,15.0,15.0,0.0,4.968
1220,100.0,12.0,1220.0,15.0,15.0,0.0,4.968
1221,100.0,12.0,1221.0,15.0,15.0,0.0,4.968
1222,100.0,12.0,1222.0,15.0,15.0,0.0,4.968
1223,100.0,12.0,1223.0,15.0,15.0,0.0,4.968
1224,100.0,12.0,1224.0,15.0,15.0,0.0,4.968
1225,100.0,12.0,1225.0,15.0,15.0,0.0,4.968
1226,100.0,12.0,1226.0,15.0,15.0,0.0,4.968
1227,100.0,12.0,1227.0,15.0,15.0,0.0,4.968
1228,100.0,12.0,1228.0,15.0,15.0,0.0,4.968
1229,100.0,12.0,1229.0,15.0,15.0,0.0,4.968
1230,100.0,12.0,1230.0,15.0,15.0,0.0,4.968
1231,100.0,12.0,1231.0,15.0,15.0,0.0,4.968
1232,100.0,12.0,1232.0,15.0,15.0,0.0,4.968
1233,100.0,12.0,1233.0,15.0,15.0,0.0,4.968
1234,100.0,12.0,1234.0,15.0,15.0,0.0,4.968
1235,100.0,12.0,1235.0,15.0,15.0,0.0,4.968
1236,100.0,12.0,1236.0,15.0,15.0,0.0,4.968
1237,100.0,12.0,1237.0,15.0,15.0,0.0,4.968
1238,100.0,12.0,1238.0,15.0,15.0,0.0,4.968
1239,100.0,12.0,1239.0,15.0,15.0,0.0,4.968
1240,100.0,12.0,1240.0,15.0,15.0,0.0,4.968
1241,100.0,12.0,1241.0,15.0,15.0,0.0,4.968
1242,100.0,12.0,1242.0,15.0,15.0,0.0,4.968
1243,100.0,12.0,1243.0,15.0,15.0,0.0,4.968
1244,100.0,12.0,1244.0,15.0,15.0,0.0,4.968
1245,100.0,12.0,1245.0,15.0,15.0,0.0,4.968
1246,100.0,12.0,1246.0,15.0,15.0,0.0,4.968
1247,100.0,12.0,1247.0,15.0,15.0,0.0,4.968
1248,100.0,12.0,1248.0,15.0,15.0,0.0,4.968
1249,100.0,12.0,1249.0,15.0,15.0,0.0,4.968
1250,100.0,12.0,1250.0,15.0,15.0,0.0,4.968
1251,100.0,12.0,1251.0,15.0,15.0,0.0,4.968
1252,100.0,12.0,1252.0,15.0,15.0,0.0,4.968
1253,100.0,12.0,1253.0,15.0,15.0,0.0,4.968
1254,100.0,12.0,1254.0,15.0,15.0,0.0,4.968
1255,100.0,12.0,1255.0,15.0,15.0,0.0,4.968
1256,100.0,12.0,1256.0,15.0,15.0,0.0,4.968
1257,100.0,12.0,1257.0,15.0,15.0,0.0,4.968
1258,100.0,12.0,1258.0,15.0,15.0,0.0,4.968
1259,100.0,12.0,1259.0,15.0,15.0,0.0,4.968
1260,100.0,12.0,1260.0,15.0,15.0,0.0,4.968
1261,100.0,12.0,1261.0,15.0,15.0,0.0,4.968
1262,100.0,12.0,1262.0,15.0,15.0,0.0,4.968
1263,100.0,12.0,1263.0,15.0,15.0,0.0,4.968
1264,100.0,12.0,1264.0,15.0,15.0,0.0,4.968
1265,100.0,12.0,1265.0,15.0,15.0,0.0,4.968
1266,100.0,12.0,1266.0,15.0,15.0,0.0,4.968
1267,100.0,12.0,1267.0,15.0,15.0,0.0,4.968
1268,100.0,12.0,1268.0,15.0,15.0,0.0,4.968
1269,100.0,12.0,1269.0,15.0,15.0,0.0,4.968
1270,100.0,12.0,1270.0,15.0,15.0,0.0,4.968
1271,100.0,12.0,1271.0,15.0,15.0,0.0,4.968
1272,100.0,12.0,1272.0,15.0,15.0,0.0,4.968
1273,100.0,12.0,1273.0,15.0,15.0,0.0,4.968
1274,100.0,12.0,1274.0,15.0,15.0,0.0,4.968
1275,100.0,12.0,1275.0,15.0,15.0,0.0,4.968
1276,100.0,12.0,1276.0,15.0,15.0,0.0,4.968
1277,100.0,12.0,1277.0,15.0,15.0,0.0,4.968
1278,100.0,12.0,1278.0,15.0,15.0,0.0,4.968
1279,100.0,12.0,1279.0,15.0,15.0,0.0,4.968
1280,100.0,12.0,1280.0,15.0,15.0,0.0,4.968
1281,100.0,12.0,1281.0,15.0,15.0,0.0,4.968
1282,100.0,12.0,1282.0,15.0,15.0,0.0,4.968
1283,100.0,12.0,1283.0,15.0,15.0,0.0,4.968
1284,100.0,12.0,1284.0,15.0,15.0,0.0,4.968
1285,100.0,12.0,1285.0,15.0,15.0,0.0,4.968
1286,100.0,12.0,1286.0,15.0,15.0,0.0,4.968
1287,100.0,12.0,1287.0,15.0,15.0,0.0,4.968
1288,100.0,12.0,1288.0,15.0,15.0,0.0,4.968
1289,100.0,12.0,1289.0,15.0,15.0,0.0,4.968
1290,100.0,12.0,1290.0,15.0,15.0,0.0,4.968
1291,100.0,12.0,1291.0,15.0,15.0,0.0,4.968
1292,100.0,12.0,1292.0,15.0,15.0,0.0,4.968
1293,100.0,12.0,1293.0,15.0,15.0,0.0,4.968
1294,100.0,12.0,1294.0,15.0,15.0,0.0,4.968
1295,100.0,12.0,1295.0,15.0,15.0,0.0,4.968
1296,100.0,12.0,1296.0,15.0,15.0,0.0,4.968
1297,100.0,12.0,1297.0,15.0,15.0,0.0,4.968
1298,100.0,12.0,1298.0,15.0,15.0,0.0,4.968
1299,100.0,12.0,1299.0,15.0,15.0,0.0,4.968
1300,100.0,13.0,1300.0,15.0,15.0,0.0,4.968
1301,100.0,13.0,1301.0,15.0,15.0,0.0,4.968
1302,100.0,13.0,1302.0,15.0,15.0,0.0,4.968
1303,100.0,13.0,1303.0,15.0,15.0,0.0,4.968
1304,100.0,13.0,1304.0,15.0,15.0,0.0,4.968
1305,100.0,13.0,1305.0,15.0,15.0,0.0,4.968
1306,100.0,13.0,1306.0,15.0,15.0,0.0,4.968
1307,100.0,13.0,1307.0,15.0,15.0,0.0,4.968
1308,100.0,13.0,1308.0,15.0,15.0,0.0,4.968
1309,100.0,13.0,1309.0,15.0,15.0,0.0,4.968
1310,100.0,13.0,1310.0,15.0,15.0,6.34765625,4.968
1311,100.0,13.0,1311.0,15.0,15.0,0.0,4.968
1312,100.0,13.0,1312.0,15.0,15.0,0.0,4.968
1313,100.0,13.0,1313.0,15.0,15.0,0.0,4.968
1314,100.0,13.0,1314.0,15.0,15.0,0.0,4.968
1315,100.0,13.0,1315.0,15.0,15.0,0.0,4.968
1316,100.0,13.0,1316.0,15.0,15.0,0.0,4.968
1317,100.0,13.0,1317.0,15.0,15.0,0.0,4.968
1318,100.0,13.0,1318.0,15.0,15.0,0.0,4.968
1319,100.0,13.0,1319.0,15.0,15.0,0.0,4.968
1320,100.0,13.0,1320.0,15.0,15.0,0.0,4.968
1321,100.0,13.0,1321.0,15.0,15.0,0.0,4.968
1322,100.0,13.0,1322.0,15.0,15.0,0.0,4.968
1323,100.0,13.0,1323.0,6.1418,6.1418,6.25,4.968
1324,100.0,13.0,1324.0,6.150258,6.150258,5.56640625,4.968
1325,100.0,13.0,1325.0,6.150258,6.150258,0.0,4.968
1326,100.0,13.0,1326.0,6.150258,6.150258,0.0,4.968
1327,100.0,13.0,1327.0,6.150258,6.150258,0.0,4.968
1328,100.0,13.0,1328.0,6.150258,6.150258,0.0,4.968
1329,100.0,13.0,1329.0,6.150258,6.150258,0.0,4.968
1330,100.0,13.0,1330.0,6.150258,6.150258,0.0,4.968
1331,100.0,13.0,1331.0,6.150258,6.150258,0.0,4.968
1332,100.0,13.0,1332.0,6.150258,6.150258,0.0,4.968
1333,100.0,13.0,1333.0,6.150258,6.150258,0.0,4.968
1334,100.0,13.0,1334.0,6.150258,6.150258,0.0,4.968
1335,100.0,13.0,1335.0,15.0,15.0,0.0,4.968
1336,100.0,13.0,1336.0,15.0,15.0,0.0,4.968
1337,100.0,13.0,1337.0,15.0,15.0,0.0,4.968
1338,100.0,13.0,1338.0,15.0,15.0,0.0,4.968
1339,100.0,13.0,1339.0,15.0,15.0,0.0,4.968
1340,100.0,13.0,1340.0,15.0,15.0,0.0,4.968
1341,100.0,13.0,1341.0,15.0,15.0,0.0,4.968
1342,100.0,13.0,1342.0,15.0,15.0,0.0,4.968
1343,100.0,13.0,1343.0,15.0,15.0,0.0,4.968
1344,100.0,13.0,1344.0,15.0,15.0,0.0,4.968
1345,100.0,13.0,1345.0,15.0,15.0,0.0,4.968
1346,100.0,13.0,1346.0,15.0,15.0,0.0,4.968
1347,100.0,13.0,1347.0,15.0,15.0,0.0,4.968
1348,100.0,13.0,1348.0,15.0,15.0,0.0,4.968
1349,100.0,13.0,1349.0,15.0,15.0,0.0,4.968
1350,100.0,13.0,1350.0,15.0,15.0,0.0,4.968
1351,100.0,13.0,1351.0,15.0,15.0,0.0,4.968
1352,100.0,13.0,1352.0,15.0,15.0,0.0,4.968
1353,100.0,13.0,1353.0,15.0,15.0,0.0,4.968
1354,100.0,13.0,1354.0,15.0,15.0,0.0,4.968
1355,100.0,13.0,1355.0,15.0,15.0,0.0,4.968
1356,100.0,13.0,1356.0,15.0,15.0,0.0,4.968
1357,100.0,13.0,1357.0,15.0,15.0,0.0,4.968
1358,100.0,13.0,1358.0,15.0,15.0,0.0,4.968
1359,100.0,13.0,1359.0,15.0,15.0,0.0,4.968
1360,100.0,13.0,1360.0,15.0,15.0,0.0,4.968
1361,100.0,13.0,1361.0,15.0,15.0,0.0,4.968
1362,100.0,13.0,1362.0,15.0,15.0,0.0,4.968
1363,100.0,13.0,1363.0,15.0,15.0,0.0,4.968
1364,100.0,13.0,1364.0,15.0,15.0,0.0,4.968
1365,100.0,13.0,1365.0,15.0,15.0,0.0,4.968
1366,100.0,13.0,1366.0,15.0,15.0,0.0,4.968
1367,100.0,13.0,1367.0,15.0,15.0,0.0,4.968
1368,100.0,13.0,1368.0,15.0,15.0,0.0,4.968
1369,100.0,13.0,1369.0,15.0,15.0,0.0,4.968
1370,100.0,13.0,1370.0,15.0,15.0,0.0,4.968
1371,100.0,13.0,1371.0,15.0,15.0,0.0,4.968
1372,100.0,13.0,1372.0,15.0,15.0,0.0,4.968
1373,100.0,13.0,1373.0,15.0,15.0,0.0,4.968
1374,100.0,13.0,1374.0,15.0,15.0,0.0,4.968
1375,100.0,13.0,1375.0,15.0,15.0,0.0,4.968
1376,100.0,13.0,1376.0,15.0,15.0,0.0,4.968
1377,100.0,13.0,1377.0,15.0,15.0,0.0,4.968
1378,100.0,13.0,1378.0,15.0,15.0,0.0,4.968
1379,100.0,13.0,1379.0,15.0,15.0,0.0,4.968
1380,100.0,13.0,1380.0,15.0,15.0,0.0,4.968
1381,100.0,13.0,1381.0,15.0,15.0,0.0,4.968
1382,100.0,13.0,1382.0,15.0,15.0,0.0,4.968
1383,100.0,13.0,1383.0,15.0,15.0,0.0,4.968
1384,100.0,13.0,1384.0,15.0,15.0,0.0,4.968
1385,100.0,13.0,1385.0,15.0,15.0,0.0,4.968
1386,100.0,13.0,1386.0,15.0,15.0,0.0,4.968
1387,100.0,13.0,1387.0,15.0,15.0,0.0,4.968
1388,100.0,13.0,1388.0,15.0,15.0,0.0,4.968
1389,100.0,13.0,1389.0,15.0,15.0,0.0,4.968
1390,100.0,13.0,1390.0,15.0,15.0,0.0,4.968
1391,100.0,13.0,1391.0,15.0,15.0,0.0,4.968
1392,100.0,13.0,1392.0,15.0,15.0,0.0,4.968
1393,100.0,13.0,1393.0,15.0,15.0,0.0,4.968
1394,100.0,13.0,1394.0,15.0,15.0,0.0,4.968
1395,100.0,13.0,1395.0,15.0,15.0,0.0,4.968
1396,100.0,13.0,1396.0,15.0,15.0,0.0,4.968
1397,100.0,13.0,1397.0,15.0,15.0,0.0,4.968
1398,100.0,13.0,1398.0,15.0,15.0,0.0,4.968
1399,100.0,13.0,1399.0,15.0,15.0,0.0,4.968
1400,100.0,14.0,1400.0,15.0,15.0,0.0,4.968
1401,100.0,14.0,1401.0,15.0,15.0,0.0,4.968
1402,100.0,14.0,1402.0,15.0,15.0,0.0,4.968
1403,100.0,14.0,1403.0,15.0,15.0,0.0,4.968
1404,100.0,14.0,1404.0,15.0,15.0,0.0,4.968
1405,100.0,14.0,1405.0,15.0,15.0,0.0,4.968
1406,100.0,14.0,1406.0,15.0,15.0,0.0,4.968
1407,100.0,14.0,1407.0,15.0,15.0,0.0,4.968
1408,100.0,14.0,1408.0,15.0,15.0,0.0,4.968
1409,100.0,14.0,1409.0,15.0,15.0,0.0,4.968
1410,100.0,14.0,1410.0,15.0,15.0,0.0,4.968
1411,100.0,14.0,1411.0,15.0,15.0,0.0,4.968
1412,100.0,14.0,1412.0,15.0,15.0,0.0,4.968
1413,100.0,14.0,1413.0,15.0,15.0,0.0,4.968
1414,100.0,14.0,1414.0,15.0,15.0,0.0,4.968
1415,100.0,14.0,1415.0,15.0,15.0,0.0,4.968
1416,100.0,14.0,1416.0,15.0,15.0,0.0,4.968
1417,100.0,14.0,1417.0,15.0,15.0,0.0,4.968
1418,100.0,14.0,1418.0,15.0,15.0,0.0,4.968
1419,100.0,14.0,1419.0,15.0,15.0,0.0,4.968
1420,100.0,14.0,1420.0,15.0,15.0,0.0,4.968
1421,100.0,14.0,1421.0,15.0,15.0,0.0,4.968
1422,100.0,14.0,1422.0,15.0,15.0,0.0,4.968
1423,100.0,14.0,1423.0,15.0,15.0,0.0,4.968
1424,100.0,14.0,1424.0,15.0,15.0,0.0,4.968
1425,100.0,14.0,1425.0,15.0,15.0,0.0,4.968
1426,100.0,14.0,1426.0,15.0,15.0,0.0,4.968
1427,100.0,14.0,1427.0,15.0,15.0,0.0,4.968
1428,100.0,14.0,1428.0,15.0,15.0,0.0,4.968
1429,100.0,14.0,1429.0,15.0,15.0,0.0,4.968
1430,100.0,14.0,1430.0,15.0,15.0,0.0,4.968
1431,100.0,14.0,1431.0,15.0,15.0,0.0,4.968
1432,100.0,14.0,1432.0,15.0,15.0,0.0,4.968
1433,100.0,14.0,1433.0,15.0,15.0,0.0,4.968
1434,100.0,14.0,1434.0,15.0,15.0,0.0,4.968
1435,100.0,14.0,1435.0,15.0,15.0,0.0,4.968
1436,100.0,14.0,1436.0,15.0,15.0,0.0,4.968
1437,100.0,14.0,1437.0,15.0,15.0,0.0,4.968
1438,100.0,14.0,1438.0,15.0,15.0,0.0,4.968
1439,100.0,14.0,1439.0,15.0,15.0,0.0,4.968
1440,100.0,14.0,1440.0,15.0,15.0,0.0,4.968
1441,100.0,14.0,1441.0,15.0,15.0,0.0,4.968
1442,100.0,14.0,1442.0,15.0,15.0,0.0,4.968
1443,100.0,14.0,1443.0,15.0,15.0,0.0,4.968
1444,100.0,14.0,1444.0,15.0,15.0,0.0,4.968
1445,100.0,14.0,1445.0,15.0,15.0,0.0,4.968
1446,100.0,14.0,1446.0,15.0,15.0,0.0,4.968
1447,100.0,14.0,1447.0,15.0,15.0,0.0,4.968
1448,100.0,14.0,1448.0,15.0,15.0,0.0,4.968
1449,100.0,14.0,1449.0,15.0,15.0,0.0,4.968
1450,100.0,14.0,1450.0,15.0,15.0,0.0,4.968
1451,100.0,14.0,1451.0,15.0,15.0,0.0,4.968
1452,100.0,14.0,1452.0,15.0,15.0,0.0,4.968
1453,100.0,14.0,1453.0,15.0,15.0,0.0,4.968
1454,100.0,14.0,1454.0,15.0,15.0,0.0,4.968
1455,100.0,14.0,1455.0,15.0,15.0,6.15234375,4.968
1456,100.0,14.0,1456.0,15.0,15.0,0.0,4.968
1457,100.0,14.0,1457.0,15.0,15.0,0.0,4.968
1458,100.0,14.0,1458.0,15.0,15.0,0.0,4.968
1459,100.0,14.0,1459.0,15.0,15.0,0.0,4.968
1460,100.0,14.0,1460.0,15.0,15.0,0.0,4.968
1461,100.0,14.0,1461.0,15.0,15.0,0.0,4.968
1462,100.0,14.0,1462.0,15.0,15.0,0.0,4.968
1463,100.0,14.0,1463.0,15.0,15.0,0.0,4.968
1464,100.0,14.0,1464.0,15.0,15.0,0.0,4.968
1465,100.0,14.0,1465.0,15.0,15.0,0.0,4.968
1466,100.0,14.0,1466.0,15.0,15.0,0.0,4.968
1467,100.0,14.0,1467.0,15.0,15.0,0.0,4.968
1468,100.0,14.0,1468.0,15.0,15.0,0.0,4.968
1469,100.0,14.0,1469.0,15.0,15.0,0.0,4.968
1470,100.0,14.0,1470.0,15.0,15.0,0.0,4.968
1471,100.0,14.0,1471.0,15.0,15.0,0.0,4.968
1472,100.0,14.0,1472.0,15.0,15.0,0.0,4.968
1473,100.0,14.0,1473.0,15.0,15.0,0.0,4.968
1474,100.0,14.0,1474.0,15.0,15.0,0.0,4.968
1475,100.0,14.0,1475.0,15.0,15.0,0.0,4.968
1476,100.0,14.0,1476.0,15.0,15.0,0.0,4.968
1477,100.0,14.0,1477.0,15.0,15.0,0.0,4.968
1478,100.0,14.0,1478.0,15.0,15.0,0.0,4.968
1479,100.0,14.0,1479.0,15.0,15.0,0.0,4.968
1480,100.0,14.0,1480.0,15.0,15.0,0.0,4.968
1481,100.0,14.0,1481.0,15.0,15.0,0.0,4.968
1482,100.0,14.0,1482.0,15.0,15.0,0.0,4.968
1483,100.0,14.0,1483.0,15.0,15.0,0.0,4.968
1484,100.0,14.0,1484.0,15.0,15.0,0.0,4.968
1485,100.0,14.0,1485.0,15.0,15.0,0.0,4.968
1486,100.0,14.0,1486.0,15.0,15.0,0.0,4.968
1487,100.0,14.0,1487.0,15.0,15.0,0.0,4.968
1488,100.0,14.0,1488.0,15.0,15.0,0.0,4.968
1489,100.0,14.0,1489.0,15.0,15.0,0.0,4.968
1490,100.0,14.0,1490.0,15.0,15.0,0.0,4.968
1491,100.0,14.0,1491.0,15.0,15.0,0.0,4.968
1492,100.0,14.0,1492.0,15.0,15.0,0.0,4.968
1493,100.0,14.0,1493.0,15.0,15.0,0.0,4.968
1494,100.0,14.0,1494.0,15.0,15.0,0.0,4.968
1495,100.0,14.0,1495.0,15.0,15.0,0.0,4.968
1496,100.0,14.0,1496.0,15.0,15.0,0.0,4.968
1497,100.0,14.0,1497.0,15.0,15.0,0.0,4.968
1498,100.0,14.0,1498.0,15.0,15.0,0.0,4.968
1499,100.0,14.0,1499.0,15.0,15.0,0.0,4.968
1500,100.0,15.0,1500.0,15.0,15.0,0.0,4.968
1501,100.0,15.0,1501.0,15.0,15.0,0.0,4.968
1502,100.0,15.0,1502.0,15.0,15.0,0.0,4.968
1503,100.0,15.0,1503.0,15.0,15.0,0.0,4.968
1504,100.0,15.0,1504.0,15.0,15.0,0.0,4.968
1505,100.0,15.0,1505.0,15.0,15.0,0.0,4.968
1506,100.0,15.0,1506.0,15.0,15.0,0.0,4.968
1507,100.0,15.0,1507.0,15.0,15.0,0.0,4.968
1508,100.0,15.0,1508.0,15.0,15.0,0.0,4.968
1509,100.0,15.0,1509.0,15.0,15.0,0.0,4.968
1510,100.0,15.0,1510.0,15.0,15.0,0.0,4.968
1511,100.0,15.0,1511.0,15.0,15.0,0.0,4.968
1512,100.0,15.0,1512.0,15.0,15.0,0.0,4.968
1513,100.0,15.0,1513.0,15.0,15.0,0.0,4.968
1514,100.0,15.0,1514.0,15.0,15.0,0.0,4.968
1515,100.0,15.0,1515.0,15.0,15.0,0.0,4.968
1516,100.0,15.0,1516.0,15.0,15.0,0.0,4.968
1517,100.0,15.0,1517.0,15.0,15.0,0.0,4.968
1518,100.0,15.0,1518.0,15.0,15.0,0.0,4.968
1519,100.0,15.0,1519.0,15.0,15.0,0.0,4.968
1520,100.0,15.0,1520.0,15.0,15.0,0.0,4.968
1521,100.0,15.0,1521.0,15.0,15.0,0.0,4.968
1522,100.0,15.0,1522.0,15.0,15.0,0.0,4.968
1523,100.0,15.0,1523.0,15.0,15.0,0.0,4.968
1524,100.0,15.0,1524.0,15.0,15.0,0.0,4.968
1525,100.0,15.0,1525.0,15.0,15.0,0.0,4.968
1526,100.0,15.0,1526.0,15.0,15.0,0.0,4.968
1527,100.0,15.0,1527.0,15.0,15.0,0.0,4.968
1528,100.0,15.0,1528.0,15.0,15.0,0.0,4.968
1529,100.0,15.0,1529.0,15.0,15.0,0.0,4.968
1530,100.0,15.0,1530.0,15.0,15.0,0.0,4.968
1531,100.0,15.0,1531.0,15.0,15.0,0.0,4.968
1532,100.0,15.0,1532.0,15.0,15.0,0.0,4.968
1533,100.0,15.0,1533.0,15.0,15.0,0.0,4.968
1534,100.0,15.0,1534.0,15.0,15.0,0.0,4.968
1535,100.0,15.0,1535.0,15.0,15.0,0.0,4.968
1536,100.0,15.0,1536.0,15.0,15.0,0.0,4.968
1537,100.0,15.0,1537.0,15.0,15.0,0.0,4.968
1538,100.0,15.0,1538.0,15.0,15.0,0.0,4.968
1539,100.0,15.0,1539.0,15.0,15.0,0.0,4.968
1540,100.0,15.0,1540.0,15.0,15.0,0.0,4.968
1541,100.0,15.0,1541.0,15.0,15.0,0.0,4.968
1542,100.0,15.0,1542.0,15.0,15.0,0.0,4.968
1543,100.0,15.0,1543.0,15.0,15.0,0.0,4.968
1544,100.0,15.0,1544.0,15.0,15.0,0.0,4.968
1545,100.0,15.0,1545.0,15.0,15.0,0.0,4.968
1546,100.0,15.0,1546.0,15.0,15.0,0.0,4.968
1547,100.0,15.0,1547.0,15.0,15.0,0.0,4.968
1548,100.0,15.0,1548.0,15.0,15.0,0.0,4.968
1549,100.0,15.0,1549.0,15.0,15.0,0.0,4.968
1550,100.0,15.0,1550.0,15.0,15.0,0.0,4.968
1551,100.0,15.0,1551.0,15.0,15.0,0.0,4.968
1552,100.0,15.0,1552.0,15.0,15.0,0.0,4.968
1553,100.0,15.0,1553.0,15.0,15.0,0.0,4.968
1554,100.0,15.0,1554.0,15.0,15.0,0.0,4.968
1555,100.0,15.0,1555.0,15.0,15.0,0.0,4.968
1556,100.0,15.0,1556.0,15.0,15.0,0.0,4.968
1557,100.0,15.0,1557.0,15.0,15.0,0.0,4.968
1558,100.0,15.0,1558.0,15.0,15.0,0.0,4.968
1559,100.0,15.0,1559.0,15.0,15.0,0.0,4.968
1560,100.0,15.0,1560.0,15.0,15.0,0.0,4.968
1561,100.0,15.0,1561.0,15.0,15.0,0.0,4.968
1562,100.0,15.0,1562.0,15.0,15.0,0.0,4.968
1563,100.0,15.0,1563.0,15.0,15.0,0.0,4.968
1564,100.0,15.0,1564.0,15.0,15.0,0.0,4.968
1565,100.0,15.0,1565.0,15.0,15.0,0.0,4.968
1566,100.0,15.0,1566.0,15.0,15.0,0.0,4.968
1567,100.0,15.0,1567.0,15.0,15.0,0.0,4.968
1568,100.0,15.0,1568.0,15.0,15.0,0.0,4.968
1569,100.0,15.0,1569.0,15.0,15.0,0.0,4.968
1570,100.0,15.0,1570.0,15.0,15.0,0.0,4.968
1571,100.0,15.0,1571.0,15.0,15.0,0.0,4.968
1572,100.0,15.0,1572.0,15.0,15.0,0.0,4.968
1573,100.0,15.0,1573.0,15.0,15.0,0.0,4.968
1574,100.0,15.0,1574.0,15.0,15.0,0.0,4.968
1575,100.0,15.0,1575.0,15.0,15.0,0.0,4.968
1576,100.0,15.0,1576.0,15.0,15.0,0.0,4.968
1577,100.0,15.0,1577.0,15.0,15.0,0.0,4.968
1578,100.0,15.0,1578.0,15.0,15.0,0.0,4.968
1579,100.0,15.0,1579.0,15.0,15.0,0.0,4.968
1580,100.0,15.0,1580.0,15.0,15.0,0.0,4.968
1581,100.0,15.0,1581.0,15.0,15.0,0.0,4.968
1582,100.0,15.0,1582.0,15.0,15.0,0.0,4.968
1583,100.0,15.0,1583.0,15.0,15.0,0.0,4.968
1584,100.0,15.0,1584.0,15.0,15.0,0.0,4.968
1585,100.0,15.0,1585.0,15.0,15.0,0.0,4.968
1586,100.0,15.0,1586.0,15.0,15.0,0.0,4.968
1587,100.0,15.0,1587.0,15.0,15.0,0.0,4.968
1588,100.0,15.0,1588.0,15.0,15.0,0.0,4.968
1589,100.0,15.0,1589.0,15.0,15.0,0.0,4.968
1590,100.0,15.0,1590.0,15.0,15.0,0.0,4.968
1591,100.0,15.0,1591.0,15.0,15.0,0.0,4.968
1592,100.0,15.0,1592.0,15.0,15.0,0.0,4.968
1593,100.0,15.0,1593.0,15.0,15.0,0.0,4.968
1594,100.0,15.0,1594.0,15.0,15.0,0.0,4.968
1595,100.0,15.0,1595.0,15.0,15.0,0.0,4.968
1596,100.0,15.0,1596.0,15.0,15.0,0.0,4.968
1597,100.0,15.0,1597.0,15.0,15.0,0.0,4.968
1598,100.0,15.0,1598.0,15.0,15.0,0.0,4.968
1599,100.0,15.0,1599.0,15.0,15.0,0.0,4.968
1600,100.0,16.0,1600.0,15.0,15.0,0.0,4.968
1601,100.0,16.0,1601.0,15.0,15.0,0.0,4.968
1602,100.0,16.0,1602.0,15.0,15.0,6.93359375,4.968
1603,100.0,16.0,1603.0,15.0,15.0,0.0,4.968
1604,100.0,16.0,1604.0,15.0,15.0,7.12890625,4.968
1605,100.0,16.0,1605.0,15.0,15.0,0.0,4.968
1606,100.0,16.0,1606.0,15.0,15.0,0.0,4.968
1607,100.0,16.0,1607.0,15.0,15.0,0.0,4.968
1608,100.0,16.0,1608.0,15.0,15.0,0.0,4.968
1609,100.0,16.0,1609.0,15.0,15.0,0.0,4.968
1610,100.0,16.0,1610.0,15.0,15.0,0.0,4.968
1611,100.0,16.0,1611.0,15.0,15.0,0.0,4.968
1612,100.0,16.0,1612.0,15.0,15.0,0.0,4.968
1613,100.0,16.0,1613.0,15.0,15.0,0.0,4.968
1614,100.0,16.0,1614.0,15.0,15.0,0.0,4.968
1615,100.0,16.0,1615.0,15.0,15.0,0.0,4.968
1616,100.0,16.0,1616.0,15.0,15.0,0.0,4.968
1617,100.0,16.0,1617.0,15.0,15.0,0.0,4.968
1618,100.0,16.0,1618.0,15.0,15.0,0.0,4.968
1619,100.0,16.0,1619.0,15.0,15.0,0.0,4.968
1620,100.0,16.0,1620.0,15.0,15.0,0.0,4.968
1621,100.0,16.0,1621.0,15.0,15.0,0.0,4.968
1622,100.0,16.0,1622.0,15.0,15.0,0.0,4.968
1623,100.0,16.0,1623.0,15.0,15.0,0.0,4.968
1624,100.0,16.0,1624.0,15.0,15.0,0.0,4.968
1625,100.0,16.0,1625.0,15.0,15.0,0.0,4.968
1626,100.0,16.0,1626.0,15.0,15.0,0.0,4.968
1627,100.0,16.0,1627.0,15.0,15.0,0.0,4.968
1628,100.0,16.0,1628.0,15.0,15.0,0.0,4.968
1629,100.0,16.0,1629.0,15.0,15.0,0.0,4.968
1630,100.0,16.0,1630.0,15.0,15.0,0.0,4.968
1631,100.0,16.0,1631.0,15.0,15.0,0.0,4.968
1632,100.0,16.0,1632.0,15.0,15.0,0.0,4.968
1633,100.0,16.0,1633.0,15.0,15.0,0.0,4.968
1634,100.0,16.0,1634.0,15.0,15.0,0.0,4.968
1635,100.0,16.0,1635.0,15.0,15.0,0.0,4.968
1636,100.0,16.0,1636.0,15.0,15.0,0.0,4.968
1637,100.0,16.0,1637.0,15.0,15.0,0.0,4.968
1638,100.0,16.0,1638.0,15.0,15.0,0.0,4.968
1639,100.0,16.0,1639.0,15.0,15.0,0.0,4.968
1640,100.0,16.0,1640.0,15.0,15.0,0.0,4.968
1641,100.0,16.0,1641.0,15.0,15.0,0.0,4.968
1642,100.0,16.0,1642.0,15.0,15.0,0.0,4.968
1643,100.0,16.0,1643.0,15.0,15.0,0.0,4.968
1644,100.0,16.0,1644.0,15.0,15.0,0.0,4.968
1645,100.0,16.0,1645.0,15.0,15.0,0.0,4.968
1646,100.0,16.0,1646.0,15.0,15.0,0.0,4.968
1647,100.0,16.0,1647.0,15.0,15.0,0.0,4.968
1648,100.0,16.0,1648.0,15.0,15.0,0.0,4.968
1649,100.0,16.0,1649.0,15.0,15.0,0.0,4.968
1650,100.0,16.0,1650.0,15.0,15.0,0.0,4.968
1651,100.0,16.0,1651.0,15.0,15.0,0.0,4.968
1652,100.0,16.0,1652.0,15.0,15.0,0.0,4.968
1653,100.0,16.0,1653.0,15.0,15.0,0.0,4.968
1654,100.0,16.0,1654.0,15.0,15.0,0.0,4.968
1655,100.0,16.0,1655.0,15.0,15.0,0.0,4.968
1656,100.0,16.0,1656.0,15.0,15.0,0.0,4.968
1657,100.0,16.0,1657.0,15.0,15.0,0.0,4.968
1658,100.0,16.0,1658.0,15.0,15.0,0.0,4.968
1659,100.0,16.0,1659.0,15.0,15.0,0.0,4.968
1660,100.0,16.0,1660.0,15.0,15.0,0.0,4.968
1661,100.0,16.0,1661.0,15.0,15.0,0.0,4.968
1662,100.0,16.0,1662.0,15.0,15.0,0.0,4.968
1663,100.0,16.0,1663.0,15.0,15.0,0.0,4.968
1664,100.0,16.0,1664.0,15.0,15.0,0.0,4.968
1665,100.0,16.0,1665.0,15.0,15.0,0.0,4.968
1666,100.0,16.0,1666.0,15.0,15.0,0.0,4.968
1667,100.0,16.0,1667.0,15.0,15.0,0.0,4.968
1668,100.0,16.0,1668.0,15.0,15.0,0.0,4.968
1669,100.0,16.0,1669.0,15.0,15.0,0.0,4.968
1670,100.0,16.0,1670.0,15.0,15.0,0.0,4.968
1671,100.0,16.0,1671.0,15.0,15.0,0.0,4.968
1672,100.0,16.0,1672.0,15.0,15.0,0.0,4.968
1673,100.0,16.0,1673.0,15.0,15.0,0.0,4.968
1674,100.0,16.0,1674.0,15.0,15.0,0.0,4.968
1675,100.0,16.0,1675.0,15.0,15.0,0.0,4.968
1676,100.0,16.0,1676.0,15.0,15.0,0.0,4.968
1677,100.0,16.0,1677.0,15.0,15.0,0.0,4.968
1678,100.0,16.0,1678.0,15.0,15.0,0.0,4.968
1679,100.0,16.0,1679.0,15.0,15.0,0.0,4.968
1680,100.0,16.0,1680.0,15.0,15.0,0.0,4.968
1681,100.0,16.0,1681.0,15.0,15.0,0.0,4.968
1682,100.0,16.0,1682.0,15.0,15.0,0.0,4.968
1683,100.0,16.0,1683.0,15.0,15.0,0.0,4.968
1684,100.0,16.0,1684.0,15.0,15.0,0.0,4.968
1685,100.0,16.0,1685.0,15.0,15.0,0.0,4.968
1686,100.0,16.0,1686.0,15.0,15.0,0.0,4.968
1687,100.0,16.0,1687.0,15.0,15.0,0.0,4.968
1688,100.0,16.0,1688.0,15.0,15.0,0.0,4.968
1689,100.0,16.0,1689.0,15.0,15.0,0.0,4.968
1690,100.0,16.0,1690.0,15.0,15.0,0.0,4.968
1691,100.0,16.0,1691.0,15.0,15.0,0.0,4.968
1692,100.0,16.0,1692.0,15.0,15.0,0.0,4.968
1693,100.0,16.0,1693.0,15.0,15.0,0.0,4.968
1694,100.0,16.0,1694.0,15.0,15.0,0.0,4.968
1695,100.0,16.0,1695.0,15.0,15.0,0.0,4.968
1696,100.0,16.0,1696.0,15.0,15.0,0.0,4.968
1697,100.0,16.0,1697.0,15.0,15.0,0.0,4.968
1698,100.0,16.0,1698.0,15.0,15.0,0.0,4.968
1699,100.0,16.0,1699.0,15.0,15.0,0.0,4.968
1700,100.0,17.0,1700.0,15.0,15.0,0.0,4.968
1701,100.0,17.0,1701.0,15.0,15.0,0.0,4.968
1702,100.0,17.0,1702.0,15.0,15.0,0.0,4.968
1703,100.0,17.0,1703.0,15.0,15.0,0.0,4.968
1704,100.0,17.0,1704.0,15.0,15.0,0.0,4.968
1705,100.0,17.0,1705.0,15.0,15.0,0.0,4.968
1706,100.0,17.0,1706.0,15.0,15.0,0.0,4.968
1707,100.0,17.0,1707.0,15.0,15.0,0.0,4.968
1708,100.0,17.0,1708.0,15.0,15.0,0.0,4.968
1709,100.0,17.0,1709.0,15.0,15.0,0.0,4.968
1710,100.0,17.0,1710.0,15.0,15.0,0.0,4.968
1711,100.0,17.0,1711.0,15.0,15.0,0.0,4.968
1712,100.0,17.0,1712.0,15.0,15.0,0.0,4.968
1713,100.0,17.0,1713.0,15.0,15.0,0.0,4.968
1714,100.0,17.0,1714.0,15.0,15.0,0.0,4.968
1715,100.0,17.0,1715.0,15.0,15.0,0.0,4.968
1716,100.0,17.0,1716.0,15.0,15.0,0.0,4.968
1717,100.0,17.0,1717.0,15.0,15.0,0.0,4.968
1718,100.0,17.0,1718.0,15.0,15.0,0.0,4.968
1719,100.0,17.0,1719.0,15.0,15.0,0.0,4.968
1720,100.0,17.0,1720.0,15.0,15.0,0.0,4.968
1721,100.0,17.0,1721.0,15.0,15.0,0.0,4.968
1722,100.0,17.0,1722.0,15.0,15.0,0.0,4.968
1723,100.0,17.0,1723.0,15.0,15.0,0.0,4.968
1724,100.0,17.0,1724.0,15.0,15.0,0.0,4.968
1725,100.0,17.0,1725.0,15.0,15.0,0.0,4.968
1726,100.0,17.0,1726.0,15.0,15.0,0.0,4.968
1727,100.0,17.0,1727.0,15.0,15.0,0.0,4.968
1728,100.0,17.0,1728.0,15.0,15.0,0.0,4.968
1729,100.0,17.0,1729.0,15.0,15.0,0.0,4.968
1730,100.0,17.0,1730.0,15.0,15.0,0.0,4.968
1731,100.0,17.0,1731.0,15.0,15.0,0.0,4.968
1732,100.0,17.0,1732.0,15.0,15.0,0.0,4.968
1733,100.0,17.0,1733.0,15.0,15.0,0.0,4.968
1734,100.0,17.0,1734.0,15.0,15.0,0.0,4.968
1735,100.0,17.0,1735.0,15.0,15.0,0.0,4.968
1736,100.0,17.0,1736.0,15.0,15.0,0.0,4.968
1737,100.0,17.0,1737.0,15.0,15.0,0.0,4.968
1738,100.0,17.0,1738.0,15.0,15.0,0.0,4.968
1739,100.0,17.0,1739.0,15.0,15.0,0.0,4.968
1740,100.0,17.0,1740.0,15.0,15.0,0.0,4.968
1741,100.0,17.0,1741.0,15.0,15.0,0.0,4.968
1742,100.0,17.0,1742.0,15.0,15.0,0.0,4.968
1743,100.0,17.0,1743.0,15.0,15.0,0.0,4.968
1744,100.0,17.0,1744.0,15.0,15.0,0.0,4.968
1745,100.0,17.0,1745.0,15.0,15.0,0.0,4.968
1746,100.0,17.0,1746.0,15.0,15.0,0.0,4.968
1747,100.0,17.0,1747.0,15.0,15.0,6.0546875,4.968
1748,100.0,17.0,1748.0,15.0,15.0,0.0,4.968
1749,100.0,17.0,1749.0,15.0,15.0,0.0,4.968
1750,100.0,17.0,1750.0,15.0,15.0,0.0,4.968
1751,100.0,17.0,1751.0,15.0,15.0,0.0,4.968
1752,100.0,17.0,1752.0,15.0,15.0,0.0,4.968
1753,100.0,17.0,1753.0,15.0,15.0,0.0,4.968
1754,100.0,17.0,1754.0,15.0,15.0,0.0,4.968
1755,100.0,17.0,1755.0,15.0,15.0,0.0,4.968
1756,100.0,17.0,1756.0,15.0,15.0,0.0,4.968
1757,100.0,17.0,1757.0,15.0,15.0,0.0,4.968
1758,100.0,17.0,1758.0,15.0,15.0,0.0,4.968
1759,100.0,17.0,1759.0,15.0,15.0,0.0,4.968
1760,100.0,17.0,1760.0,15.0,15.0,0.0,4.968
1761,100.0,17.0,1761.0,15.0,15.0,0.0,4.968
1762,100.0,17.0,1762.0,15.0,15.0,0.0,4.968
1763,100.0,17.0,1763.0,15.0,15.0,0.0,4.968
1764,100.0,17.0,1764.0,15.0,15.0,0.0,4.968
1765,100.0,17.0,1765.0,15.0,15.0,0.0,4.968
1766,100.0,17.0,1766.0,15.0,15.0,0.0,4.968
1767,100.0,17.0,1767.0,15.0,15.0,0.0,4.968
1768,100.0,17.0,1768.0,15.0,15.0,0.0,4.968
1769,100.0,17.0,1769.0,15.0,15.0,0.0,4.968
1770,100.0,17.0,1770.0,15.0,15.0,0.0,4.968
1771,100.0,17.0,1771.0,15.0,15.0,0.0,4.968
1772,100.0,17.0,1772.0,15.0,15.0,0.0,4.968
1773,100.0,17.0,1773.0,15.0,15.0,0.0,4.968
1774,100.0,17.0,1774.0,15.0,15.0,0.0,4.968
1775,100.0,17.0,1775.0,15.0,15.0,0.0,4.968
1776,100.0,17.0,1776.0,15.0,15.0,0.0,4.968
1777,100.0,17.0,1777.0,15.0,15.0,0.0,4.968
1778,100.0,17.0,1778.0,15.0,15.0,0.0,4.968
1779,100.0,17.0,1779.0,15.0,15.0,0.0,4.968
1780,100.0,17.0,1780.0,15.0,15.0,0.0,4.968
1781,100.0,17.0,1781.0,15.0,15.0,0.0,4.968
1782,100.0,17.0,1782.0,15.0,15.0,0.0,4.968
1783,100.0,17.0,1783.0,15.0,15.0,0.0,4.968
1784,100.0,17.0,1784.0,15.0,15.0,0.0,4.968
1785,100.0,17.0,1785.0,15.0,15.0,0.0,4.968
1786,100.0,17.0,1786.0,15.0,15.0,0.0,4.968
1787,100.0,17.0,1787.0,15.0,15.0,0.0,4.968
1788,100.0,17.0,1788.0,15.0,15.0,0.0,4.968
1789,100.0,17.0,1789.0,15.0,15.0,0.0,4.968
1790,100.0,17.0,1790.0,15.0,15.0,0.0,4.968
1791,100.0,17.0,1791.0,15.0,15.0,0.0,4.968
1792,100.0,17.0,1792.0,15.0,15.0,0.0,4.968
1793,100.0,17.0,1793.0,15.0,15.0,0.0,4.968
1794,100.0,17.0,1794.0,15.0,15.0,0.0,4.968
1795,100.0,17.0,1795.0,15.0,15.0,0.0,4.968
1796,100.0,17.0,1796.0,15.0,15.0,0.0,4.968
1797,100.0,17.0,1797.0,15.0,15.0,0.0,4.968
1798,100.0,17.0,1798.0,15.0,15.0,0.0,4.968
1799,100.0,17.0,1799.0,15.0,15.0,0.0,4.968
1800,100.0,18.0,1800.0,15.0,15.0,0.0,4.968
1801,100.0,18.0,1801.0,15.0,15.0,0.0,4.968
1802,100.0,18.0,1802.0,15.0,15.0,0.0,4.968
1803,100.0,18.0,1803.0,15.0,15.0,0.0,4.968
1804,100.0,18.0,1804.0,15.0,15.0,0.0,4.968
1805,100.0,18.0,1805.0,15.0,15.0,0.0,4.968
1806,100.0,18.0,1806.0,15.0,15.0,0.0,4.968
1807,100.0,18.0,1807.0,15.0,15.0,0.0,4.968
1808,100.0,18.0,1808.0,15.0,15.0,0.0,4.968
1809,100.0,18.0,1809.0,15.0,15.0,0.0,4.968
1810,100.0,18.0,1810.0,15.0,15.0,0.0,4.968
1811,100.0,18.0,1811.0,15.0,15.0,0.0,4.968
1812,100.0,18.0,1812.0,15.0,15.0,0.0,4.968
1813,100.0,18.0,1813.0,15.0,15.0,0.0,4.968
1814,100.0,18.0,1814.0,15.0,15.0,0.0,4.968
1815,100.0,18.0,1815.0,15.0,15.0,0.0,4.968
1816,100.0,18.0,1816.0,15.0,15.0,0.0,4.968
1817,100.0,18.0,1817.0,15.0,15.0,0.0,4.968
1818,100.0,18.0,1818.0,15.0,15.0,0.0,4.968
1819,100.0,18.0,1819.0,15.0,15.0,0.0,4.968
1820,100.0,18.0,1820.0,15.0,15.0,0.0,4.968
1821,100.0,18.0,1821.0,15.0,15.0,0.0,4.968
1822,100.0,18.0,1822.0,15.0,15.0,0.0,4.968
1823,100.0,18.0,1823.0,15.0,15.0,0.0,4.968
1824,100.0,18.0,1824.0,15.0,15.0,0.0,4.968
1825,100.0,18.0,1825.0,15.0,15.0,0.0,4.968
1826,100.0,18.0,1826.0,15.0,15.0,0.0,4.968
1827,100.0,18.0,1827.0,15.0,15.0,0.0,4.968
1828,100.0,18.0,1828.0,15.0,15.0,0.0,4.968
1829,100.0,18.0,1829.0,15.0,15.0,0.0,4.968
1830,100.0,18.0,1830.0,15.0,15.0,0.0,4.968
1831,100.0,18.0,1831.0,15.0,15.0,0.0,4.968
1832,100.0,18.0,1832.0,15.0,15.0,0.0,4.968
1833,100.0,18.0,1833.0,15.0,15.0,0.0,4.968
1834,100.0,18.0,1834.0,15.0,15.0,0.0,4.968
1835,100.0,18.0,1835.0,15.0,15.0,0.0,4.968
1836,100.0,18.0,1836.0,15.0,15.0,0.0,4.968
1837,100.0,18.0,1837.0,15.0,15.0,0.0,4.968
1838,100.0,18.0,1838.0,15.0,15.0,0.0,4.968
1839,100.0,18.0,1839.0,15.0,15.0,0.0,4.968
1840,100.0,18.0,1840.0,15.0,15.0,0.0,4.968
1841,100.0,18.0,1841.0,15.0,15.0,0.0,4.968
1842,100.0,18.0,1842.0,15.0,15.0,0.0,4.968
1843,100.0,18.0,1843.0,15.0,15.0,0.0,4.968
1844,100.0,18.0,1844.0,15.0,15.0,0.0,4.968
1845,100.0,18.0,1845.0,15.0,15.0,0.0,4.968
1846,100.0,18.0,1846.0,15.0,15.0,0.0,4.968
1847,100.0,18.0,1847.0,15.0,15.0,0.0,4.968
1848,100.0,18.0,1848.0,15.0,15.0,0.0,4.968
1849,100.0,18.0,1849.0,15.0,15.0,0.0,4.968
1850,100.0,18.0,1850.0,15.0,15.0,0.0,4.968
1851,100.0,18.0,1851.0,15.0,15.0,0.0,4.968
1852,100.0,18.0,1852.0,15.0,15.0,0.0,4.968
1853,100.0,18.0,1853.0,15.0,15.0,0.0,4.968
1854,100.0,18.0,1854.0,15.0,15.0,0.0,4.968
1855,100.0,18.0,1855.0,15.0,15.0,0.0,4.968
1856,100.0,18.0,1856.0,15.0,15.0,0.0,4.968
1857,100.0,18.0,1857.0,15.0,15.0,0.0,4.968
1858,100.0,18.0,1858.0,15.0,15.0,0.0,4.968
1859,100.0,18.0,1859.0,15.0,15.0,0.0,4.968
1860,100.0,18.0,1860.0,15.0,15.0,0.0,4.968
1861,100.0,18.0,1861.0,15.0,15.0,0.0,4.968
1862,100.0,18.0,1862.0,15.0,15.0,0.0,4.968
1863,100.0,18.0,1863.0,15.0,15.0,0.0,4.968
1864,100.0,18.0,1864.0,15.0,15.0,0.0,4.968
1865,100.0,18.0,1865.0,15.0,15.0,0.0,4.968
1866,100.0,18.0,1866.0,15.0,15.0,0.0,4.968
1867,100.0,18.0,1867.0,15.0,15.0,0.0,4.968
1868,100.0,18.0,1868.0,15.0,15.0,0.0,4.968
1869,100.0,18.0,1869.0,15.0,15.0,0.0,4.968
1870,100.0,18.0,1870.0,15.0,15.0,0.0,4.968
1871,100.0,18.0,1871.0,15.0,15.0,0.0,4.968
1872,100.0,18.0,1872.0,15.0,15.0,0.0,4.968
1873,100.0,18.0,1873.0,15.0,15.0,0.0,4.968
1874,100.0,18.0,1874.0,15.0,15.0,0.0,4.968
1875,100.0,18.0,1875.0,15.0,15.0,0.0,4.968
1876,100.0,18.0,1876.0,15.0,15.0,0.0,4.968
1877,100.0,18.0,1877.0,15.0,15.0,0.0,4.968
1878,100.0,18.0,1878.0,15.0,15.0,0.0,4.968
1879,100.0,18.0,1879.0,15.0,15.0,0.0,4.968
1880,100.0,18.0,1880.0,15.0,15.0,0.0,4.968
1881,100.0,18.0,1881.0,15.0,15.0,0.0,4.968
1882,100.0,18.0,1882.0,15.0,15.0,0.0,4.968
1883,100.0,18.0,1883.0,15.0,15.0,0.0,4.968
1884,100.0,18.0,1884.0,15.0,15.0,0.0,4.968
1885,100.0,18.0,1885.0,15.0,15.0,0.0,4.968
1886,100.0,18.0,1886.0,15.0,15.0,0.0,4.968
1887,100.0,18.0,1887.0,15.0,15.0,0.0,4.968
1888,100.0,18.0,1888.0,15.0,15.0,0.0,4.968
1889,100.0,18.0,1889.0,15.0,15.0,0.0,4.968
1890,100.0,18.0,1890.0,15.0,15.0,0.0,4.968
1891,100.0,18.0,1891.0,15.0,15.0,0.0,4.968
1892,100.0,18.0,1892.0,15.0,15.0,0.0,4.968
1893,100.0,18.0,1893.0,15.0,15.0,0.0,4.968
1894,100.0,18.0,1894.0,15.0,15.0,0.0,4.968
1895,100.0,18.0,1895.0,15.0,15.0,0.0,4.968
1896,100.0,18.0,1896.0,15.0,15.0,0.0,4.968
1897,100.0,18.0,1897.0,15.0,15.0,0.0,4.968
1898,100.0,18.0,1898.0,15.0,15.0,0.0,4.968
1899,100.0,18.0,1899.0,15.0,15.0,0.0,4.968
1900,100.0,19.0,1900.0,15.0,15.0,0.0,4.968
1901,100.0,19.0,1901.0,15.0,15.0,0.0,4.968
1902,100.0,19.0,1902.0,15.0,15.0,0.0,4.968
1903,100.0,19.0,1903.0,6.151972,6.151972,7.71484375,4.968
1904,100.0,19.0,1904.0,6.151972,6.151972,0.0,4.968
1905,100.0,19.0,1905.0,6.164674,6.164674,5.2734375,4.968
1906,100.0,19.0,1906.0,6.164674,6.164674,0.0,4.968
1907,100.0,19.0,1907.0,6.164674,6.164674,0.0,4.968
1908,100.0,19.0,1908.0,6.164674,6.164674,0.0,4.968
1909,100.0,19.0,1909.0,6.164674,6.164674,0.0,4.968
1910,100.0,19.0,1910.0,6.164674,6.164674,0.0,4.968
1911,100.0,19.0,1911.0,6.164674,6.164674,0.0,4.968
1912,100.0,19.0,1912.0,6.164674,6.164674,0.0,4.968
1913,100.0,19.0,1913.0,6.164674,6.164674,0.0,4.968
1914,100.0,19.0,1914.0,6.164674,6.164674,0.0,4.968
1915,100.0,19.0,1915.0,6.164674,6.164674,0.0,4.968
1916,100.0,19.0,1916.0,15.0,15.0,0.0,4.968
1917,100.0,19.0,1917.0,15.0,15.0,0.0,4.968
1918,100.0,19.0,1918.0,15.0,15.0,0.0,4.968
1919,100.0,19.0,1919.0,15.0,15.0,0.0,4.968
1920,100.0,19.0,1920.0,15.0,15.0,0.0,4.968
1921,100.0,19.0,1921.0,15.0,15.0,0.0,4.968
1922,100.0,19.0,1922.0,15.0,15.0,0.0,4.968
1923,100.0,19.0,1923.0,15.0,15.0,0.0,4.968
1924,100.0,19.0,1924.0,15.0,15.0,0.0,4.968
1925,100.0,19.0,1925.0,15.0,15.0,0.0,4.968
1926,100.0,19.0,1926.0,15.0,15.0,0.0,4.968
1927,100.0,19.0,1927.0,15.0,15.0,0.0,4.968
1928,100.0,19.0,1928.0,15.0,15.0,0.0,4.968
1929,100.0,19.0,1929.0,15.0,15.0,0.0,4.968
1930,100.0,19.0,1930.0,15.0,15.0,0.0,4.968
1931,100.0,19.0,1931.0,15.0,15.0,0.0,4.968
1932,100.0,19.0,1932.0,15.0,15.0,0.0,4.968
1933,100.0,19.0,1933.0,15.0,15.0,0.0,4.968
1934,100.0,19.0,1934.0,15.0,15.0,0.0,4.968
1935,100.0,19.0,1935.0,15.0,15.0,0.0,4.968
1936,100.0,19.0,1936.0,15.0,15.0,0.0,4.968
1937,100.0,19.0,1937.0,15.0,15.0,0.0,4.968
1938,100.0,19.0,1938.0,15.0,15.0,0.0,4.968
1939,100.0,19.0,1939.0,15.0,15.0,0.0,4.968
1940,100.0,19.0,1940.0,15.0,15.0,0.0,4.968
1941,100.0,19.0,1941.0,15.0,15.0,0.0,4.968
1942,100.0,19.0,1942.0,15.0,15.0,0.0,4.968
1943,100.0,19.0,1943.0,15.0,15.0,0.0,4.968
1944,100.0,19.0,1944.0,15.0,15.0,0.0,4.968
1945,100.0,19.0,1945.0,15.0,15.0,0.0,4.968
1946,100.0,19.0,1946.0,15.0,15.0,0.0,4.968
1947,100.0,19.0,1947.0,15.0,15.0,0.0,4.968
1948,100.0,19.0,1948.0,15.0,15.0,0.0,4.968
1949,100.0,19.0,1949.0,15.0,15.0,0.0,4.968
1950,100.0,19.0,1950.0,15.0,15.0,0.0,4.968
1951,100.0,19.0,1951.0,15.0,15.0,0.0,4.968
1952,100.0,19.0,1952.0,15.0,15.0,0.0,4.968
1953,100.0,19.0,1953.0,15.0,15.0,0.0,4.968
1954,100.0,19.0,1954.0,15.0,15.0,0.0,4.968
1955,100.0,19.0,1955.0,15.0,15.0,0.0,4.968
1956,100.0,19.0,1956.0,15.0,15.0,0.0,4.968
1957,100.0,19.0,1957.0,15.0,15.0,0.0,4.968
1958,100.0,19.0,1958.0,15.0,15.0,0.0,4.968
1959,100.0,19.0,1959.0,15.0,15.0,0.0,4.968
1960,100.0,19.0,1960.0,15.0,15.0,0.0,4.968
1961,100.0,19.0,1961.0,15.0,15.0,0.0,4.968
1962,100.0,19.0,1962.0,15.0,15.0,0.0,4.968
1963,100.0,19.0,1963.0,15.0,15.0,0.0,4.968
1964,100.0,19.0,1964.0,15.0,15.0,0.0,4.968
1965,100.0,19.0,1965.0,15.0,15.0,0.0,4.968
1966,100.0,19.0,1966.0,15.0,15.0,0.0,4.968
1967,100.0,19.0,1967.0,15.0,15.0,0.0,4.968
1968,100.0,19.0,1968.0,15.0,15.0,0.0,4.968
1969,100.0,19.0,1969.0,15.0,15.0,0.0,4.968
1970,100.0,19.0,1970.0,15.0,15.0,0.0,4.968
1971,100.0,19.0,1971.0,15.0,15.0,0.0,4.968
1972,100.0,19.0,1972.0,15.0,15.0,0.0,4.968
1973,100.0,19.0,1973.0,15.0,15.0,0.0,4.968
1974,100.0,19.0,1974.0,15.0,15.0,0.0,4.968
1975,100.0,19.0,1975.0,15.0,15.0,0.0,4.968
1976,100.0,19.0,1976.0,15.0,15.0,0.0,4.968
1977,100.0,19.0,1977.0,15.0,15.0,0.0,4.968
1978,100.0,19.0,1978.0,15.0,15.0,0.0,4.968
1979,100.0,19.0,1979.0,15.0,15.0,0.0,4.968
1980,100.0,19.0,1980.0,15.0,15.0,0.0,4.968
1981,100.0,19.0,1981.0,15.0,15.0,0.0,4.968
1982,100.0,19.0,1982.0,15.0,15.0,0.0,4.968
1983,100.0,19.0,1983.0,15.0,15.0,0.0,4.968
1984,100.0,19.0,1984.0,15.0,15.0,0.0,4.968
1985,100.0,19.0,1985.0,15.0,15.0,0.0,4.968
1986,100.0,19.0,1986.0,15.0,15.0,0.0,4.968
1987,100.0,19.0,1987.0,15.0,15.0,0.0,4.968
1988,100.0,19.0,1988.0,15.0,15.0,0.0,4.968
1989,100.0,19.0,1989.0,15.0,15.0,0.0,4.968
1990,100.0,19.0,1990.0,15.0,15.0,0.0,4.968
1991,100.0,19.0,1991.0,15.0,15.0,0.0,4.968
1992,100.0,19.0,1992.0,15.0,15.0,0.0,4.968
1993,100.0,19.0,1993.0,15.0,15.0,0.0,4.968
1994,100.0,19.0,1994.0,15.0,15.0,0.0,4.968
1995,100.0,19.0,1995.0,15.0,15.0,0.0,4.968
1996,100.0,19.0,1996.0,15.0,15.0,0.0,4.968
1997,100.0,19.0,1997.0,15.0,15.0,0.0,4.968
1998,100.0,19.0,1998.0,15.0,15.0,0.0,4.968
1999,100.0,19.0,1999.0,15.0,15.0,0.0,4.968
